,airport,num_pass_leaving,num_pass_arriving,num_pass_total
0,05A,748.0,843.0,1591.0
1,06A,19.0,18.0,37.0
2,08A,15.0,17.0,32.0
3,09A,43.0,65.0,108.0
4,1B1,29.0,16.0,45.0
5,1CA,8.0,8.0,16.0
6,1G4,156091.0,159683.0,315774.0
7,1GA,0.0,1.0,1.0
8,1NC,3.0,3.0,6.0
9,1NY,1.0,1.0,2.0
10,1TN,9.0,8.0,17.0
11,1TX,1.0,1.0,2.0
12,2CA,3.0,2.0,5.0
13,2GA,0.0,4.0,4.0
14,3GA,9.0,9.0,18.0
15,6B0,39.0,30.0,69.0
16,7AK,9376.0,9945.0,19321.0
17,A01,11.0,17.0,28.0
18,A02,34.0,53.0,87.0
19,A03,485.0,1435.0,1920.0
20,A04,15.0,19.0,34.0
21,A07,0.0,0.0,0.0
22,A17,2.0,0.0,2.0
23,A18,1.0,3.0,4.0
24,A1K,18.0,18.0,36.0
25,A1L,8.0,0.0,8.0
26,A20,0.0,0.0,0.0
27,A26,73.0,94.0,167.0
28,A27,243.0,264.0,507.0
29,A28,2.0,0.0,2.0
30,A29,442.0,489.0,931.0
31,A2K,65.0,65.0,130.0
32,A2L,6.0,6.0,12.0
33,A30,6.0,5.0,11.0
34,A31,0.0,8.0,8.0
35,A34,9.0,16.0,25.0
36,A35,17.0,16.0,33.0
37,A37,0.0,13.0,13.0
38,A39,0.0,0.0,0.0
39,A3K,0.0,0.0,0.0
40,A40,3.0,3.0,6.0
41,A43,2018.0,2099.0,4117.0
42,A48,2.0,0.0,2.0
43,A4K,0.0,0.0,0.0
44,A50,17.0,25.0,42.0
45,A51,0.0,0.0,0.0
46,A52,50.0,482.0,532.0
47,A63,132.0,105.0,237.0
48,A65,7.0,20.0,27.0
49,A6K,11.0,14.0,25.0
50,A72,20.0,1706.0,1726.0
51,A75,8.0,9.0,17.0
52,A76,6.0,0.0,6.0
53,A79,5.0,5.0,10.0
54,A7K,0.0,0.0,0.0
55,A83,3.0,3.0,6.0
56,A87,18.0,16.0,34.0
57,A99,0.0,6.0,6.0
58,AA8,0.0,8.0,8.0
59,AA9,0.0,1.0,1.0
60,AAF,0.0,0.0,0.0
61,ABE,1805340.0,1788477.0,3593817.0
62,ABI,447451.0,440588.0,888039.0
63,ABL,21580.0,21825.0,43405.0
64,ABQ,12744373.0,12712703.0,25457076.0
65,ABR,140566.0,138281.0,278847.0
66,ABV,28.0,17.0,45.0
67,ABY,187400.0,182625.0,370025.0
68,ACA,35304.0,43125.0,78429.0
69,ACC,426260.0,407554.0,833814.0
70,ACK,652228.0,652892.0,1305120.0
71,ACT,314053.0,298992.0,613045.0
72,ACV,348363.0,337551.0,685914.0
73,ACY,2812799.0,2815121.0,5627920.0
74,ADB,5.0,4.0,9.0
75,ADD,731982.0,728021.0,1460003.0
76,ADJ,4.0,18.0,22.0
77,ADK,12635.0,12512.0,25147.0
78,ADM,0.0,6.0,6.0
79,ADQ,414515.0,411734.0,826249.0
80,ADS,172.0,230.0,402.0
81,ADT,6.0,9.0,15.0
82,ADW,911.0,993.0,1904.0
83,AEP,8.0,231.0,239.0
84,AER,2.0,3.0,5.0
85,AET,15211.0,15131.0,30342.0
86,AEX,659929.0,622715.0,1282644.0
87,AEY,12.0,10.0,22.0
88,AFW,14140.0,15372.0,29512.0
89,AGA,0.0,0.0,0.0
90,AGC,309.0,447.0,756.0
91,AGH,4.0,6.0,10.0
92,AGN,12241.0,11103.0,23344.0
93,AGP,90869.0,84980.0,175849.0
94,AGS,1481363.0,1444716.0,2926079.0
95,AGT,0.0,0.0,0.0
96,AGU,370216.0,377046.0,747262.0
97,AHN,4970.0,4017.0,8987.0
98,AIA,22347.0,21531.0,43878.0
99,AID,4.0,2.0,6.0
100,AIK,54.0,26.0,80.0
101,AIN,23974.0,24183.0,48157.0
102,AIZ,6.0,3.0,9.0
103,AJA,9.0,0.0,9.0
104,AK2,5.0,3.0,8.0
105,AK5,730.0,924.0,1654.0
106,AK6,26.0,26.0,52.0
107,AK7,49.0,85.0,134.0
108,AKB,1511.0,1515.0,3026.0
109,AKC,0.0,0.0,0.0
110,AKI,16913.0,16204.0,33117.0
111,AKJ,156.0,156.0,312.0
112,AKK,4384.0,4495.0,8879.0
113,AKL,2605837.0,2556741.0,5162578.0
114,AKN,234027.0,234306.0,468333.0
115,AKP,20444.0,20984.0,41428.0
116,AL3,47.0,47.0,94.0
117,AL7,7.0,12.0,19.0
118,AL8,1.0,1.0,2.0
119,AL9,6.0,6.0,12.0
120,ALA,4.0,6.0,10.0
121,ALB,7041273.0,7016890.0,14058163.0
122,ALC,1.0,4.0,5.0
123,ALG,2.0,0.0,2.0
124,ALN,40.0,37.0,77.0
125,ALO,128053.0,126604.0,254657.0
126,ALS,30401.0,29499.0,59900.0
127,ALW,237141.0,234793.0,471934.0
128,ALZ,784.0,849.0,1633.0
129,AMA,1783294.0,1776939.0,3560233.0
130,AMM,587309.0,580950.0,1168259.0
131,AMS,13625962.0,13444394.0,27070356.0
132,AMW,17.0,16.0,33.0
133,ANB,4901.0,4477.0,9378.0
134,ANC,12960101.0,12969884.0,25929985.0
135,AND,347.0,302.0,649.0
136,ANF,0.0,678.0,678.0
137,ANI,70558.0,71939.0,142497.0
138,ANP,16.0,14.0,30.0
139,ANR,56.0,54.0,110.0
140,ANU,671624.0,677243.0,1348867.0
141,ANV,6973.0,7198.0,14171.0
142,ANX,0.0,0.0,0.0
143,AOH,0.0,0.0,0.0
144,AOO,16949.0,15528.0,32477.0
145,AOS,155.0,155.0,310.0
146,APA,566.0,551.0,1117.0
147,APC,869.0,840.0,1709.0
148,APF,2115.0,2210.0,4325.0
149,APH,477.0,0.0,477.0
150,APN,53745.0,50884.0,104629.0
151,APW,9772.0,14684.0,24456.0
152,AQY,257.0,251.0,508.0
153,AR1,2.0,8.0,10.0
154,AR3,1.0,1.0,2.0
155,ARA,862.0,858.0,1720.0
156,ARB,26.0,27.0,53.0
157,ARC,9863.0,10382.0,20245.0
158,ARN,1857333.0,1867754.0,3725087.0
159,ART,104593.0,104894.0,209487.0
160,ARV,4.0,5.0,9.0
161,ASD,1664.0,1889.0,3553.0
162,ASE,1324119.0,1299052.0,2623171.0
163,ASH,15.0,16.0,31.0
164,ASL,1.0,1.0,2.0
165,ASN,24.0,24.0,48.0
166,AST,17.0,10.0,27.0
167,ASU,4488.0,5129.0,9617.0
168,ATH,1014562.0,1002136.0,2016698.0
169,ATK,18974.0,19217.0,38191.0
170,ATL,257478059.0,257786488.0,515264547.0
171,ATO,35.0,32.0,67.0
172,ATS,0.0,0.0,0.0
173,ATT,20594.0,20668.0,41262.0
174,ATW,1546069.0,1538081.0,3084150.0
175,ATY,38860.0,38319.0,77179.0
176,AUA,3930375.0,3929426.0,7859801.0
177,AUG,26015.0,26115.0,52130.0
178,AUH,2682862.0,2520276.0,5203138.0
179,AUK,25086.0,25276.0,50362.0
180,AUO,39.0,43.0,82.0
181,AUS,35753177.0,35644673.0,71397850.0
182,AUW,60.0,60.0,120.0
183,AUZ,6.0,5.0,11.0
184,AVL,2678070.0,2669141.0,5347211.0
185,AVN,4.0,24.0,28.0
186,AVP,1268688.0,1249531.0,2518219.0
187,AVW,35.0,23.0,58.0
188,AWK,25.0,29.0,54.0
189,AWM,11.0,9.0,20.0
190,AXA,25619.0,26083.0,51702.0
191,AXM,92829.0,90691.0,183520.0
192,AXN,0.0,0.0,0.0
193,AXT,128.0,128.0,256.0
194,AYS,9.0,3.0,12.0
195,AZ1,22.0,104.0,126.0
196,AZ3,25.0,23.0,48.0
197,AZ6,0.0,0.0,0.0
198,AZ7,240.0,0.0,240.0
199,AZA,3740959.0,3704298.0,7445257.0
200,AZO,727254.0,705245.0,1432499.0
201,AZS,16395.0,16116.0,32511.0
202,B19,2.0,0.0,2.0
203,B21,2.0,4.0,6.0
204,B2C,1.0,0.0,1.0
205,B4C,22.0,0.0,22.0
206,BAB,22.0,22.0,44.0
207,BAD,456.0,847.0,1303.0
208,BAF,3598.0,3335.0,6933.0
209,BAH,0.0,199.0,199.0
210,BAQ,341988.0,342808.0,684796.0
211,BBC,4.0,9.0,13.0
212,BBD,0.0,0.0,0.0
213,BBU,24424.0,24247.0,48671.0
214,BBX,74.0,81.0,155.0
215,BC2,0.0,0.0,0.0
216,BC3,7.0,0.0,7.0
217,BC5,148.0,0.0,148.0
218,BC6,8.0,0.0,8.0
219,BC7,47.0,0.0,47.0
220,BC9,34.0,0.0,34.0
221,BCB,2.0,2.0,4.0
222,BCE,70.0,133.0,203.0
223,BCN,3017815.0,2975842.0,5993657.0
224,BCT,543.0,548.0,1091.0
225,BDA,1621426.0,1622385.0,3243811.0
226,BDE,0.0,0.0,0.0
227,BDL,15748281.0,15758982.0,31507263.0
228,BDR,239.0,323.0,562.0
229,BDU,5.0,0.0,5.0
230,BDY,8.0,18.0,26.0
231,BED,30175.0,30057.0,60232.0
232,BEG,138473.0,132303.0,270776.0
233,BEH,19.0,8.0,27.0
234,BEL,125812.0,117451.0,243263.0
235,BES,152.0,222.0,374.0
236,BET,787176.0,793407.0,1580583.0
237,BEY,18.0,12.0,30.0
238,BFB,41.0,63.0,104.0
239,BFD,19816.0,18930.0,38746.0
240,BFF,64018.0,63044.0,127062.0
241,BFG,24.0,28.0,52.0
242,BFI,82711.0,85243.0,167954.0
243,BFK,2.0,1.0,3.0
244,BFL,556760.0,555438.0,1112198.0
245,BFM,28064.0,26552.0,54616.0
246,BFP,2.0,2.0,4.0
247,BFS,133647.0,131093.0,264740.0
248,BFT,206.0,172.0,378.0
249,BGA,2.0,0.0,2.0
250,BGD,24.0,24.0,48.0
251,BGE,2.0,2.0,4.0
252,BGI,1330512.0,1342548.0,2673060.0
253,BGM,254264.0,250726.0,504990.0
254,BGO,27524.0,28332.0,55856.0
255,BGQ,0.0,0.0,0.0
256,BGR,1414158.0,1397841.0,2811999.0
257,BHB,41620.0,41466.0,83086.0
258,BHD,29.0,32.0,61.0
259,BHM,7175373.0,7175291.0,14350664.0
260,BHX,223237.0,222565.0,445802.0
261,BID,78813.0,83118.0,161931.0
262,BIF,7653.0,7603.0,15256.0
263,BIG,1.0,1.0,2.0
264,BIH,8.0,10.0,18.0
265,BIK,4.0,0.0,4.0
266,BIL,2171010.0,2180232.0,4351242.0
267,BIM,54064.0,55399.0,109463.0
268,BIO,69.0,53.0,122.0
269,BIQ,16.0,5.0,21.0
270,BIS,1413162.0,1411274.0,2824436.0
271,BIV,0.0,0.0,0.0
272,BJC,1731.0,1731.0,3462.0
273,BJI,140147.0,136391.0,276538.0
274,BJJ,4.0,4.0,8.0
275,BJL,46.0,197.0,243.0
276,BJV,12.0,16.0,28.0
277,BJX,1393789.0,1451664.0,2845453.0
278,BKC,26848.0,27039.0,53887.0
279,BKG,54035.0,52784.0,106819.0
280,BKK,0.0,0.0,0.0
281,BKL,48097.0,47988.0,96085.0
282,BKO,3.0,0.0,3.0
283,BKW,26579.0,25588.0,52167.0
284,BKX,4.0,0.0,4.0
285,BLA,278669.0,244465.0,523134.0
286,BLD,411231.0,398262.0,809493.0
287,BLF,11.0,15.0,26.0
288,BLI,1930152.0,1887206.0,3817358.0
289,BLK,4.0,3.0,7.0
290,BLL,27.0,26.0,53.0
291,BLM,153.0,157.0,310.0
292,BLQ,8762.0,7775.0,16537.0
293,BLV,541035.0,532244.0,1073279.0
294,BMA,123.0,186.0,309.0
295,BMC,7.0,3.0,10.0
296,BMG,9995.0,9285.0,19280.0
297,BMI,927916.0,913447.0,1841363.0
298,BML,3.0,9.0,12.0
299,BMX,1.0,0.0,1.0
300,BNA,36763401.0,36813834.0,73577235.0
301,BNE,1199065.0,1215792.0,2414857.0
302,BNF,62.0,49.0,111.0
303,BOD,27.0,25.0,52.0
304,BOG,5705616.0,5556563.0,11262179.0
305,BOH,6.0,2.0,8.0
306,BOI,9064163.0,9024982.0,18089145.0
307,BOJ,0.0,0.0,0.0
308,BOK,0.0,0.0,0.0
309,BOM,923978.0,890532.0,1814510.0
310,BON,160162.0,160755.0,320917.0
311,BOS,93806182.0,94247873.0,188054055.0
312,BPT,141079.0,140836.0,281915.0
313,BQH,152.0,191.0,343.0
314,BQK,188061.0,186806.0,374867.0
315,BQN,1380726.0,1354150.0,2734876.0
316,BRD,103098.0,97473.0,200571.0
317,BRE,15.0,0.0,15.0
318,BRG,2.0,0.0,2.0
319,BRI,374.0,365.0,739.0
320,BRL,37928.0,35948.0,73876.0
321,BRN,20.0,27.0,47.0
322,BRO,626312.0,540155.0,1166467.0
323,BRQ,0.0,0.0,0.0
324,BRS,18961.0,20395.0,39356.0
325,BRU,2455391.0,2429415.0,4884806.0
326,BRW,330045.0,329221.0,659266.0
327,BS1,51.0,0.0,51.0
328,BS2,8.0,5.0,13.0
329,BS3,1005.0,875.0,1880.0
330,BSB,432674.0,437148.0,869822.0
331,BSL,76.0,23.0,99.0
332,BTI,16604.0,16293.0,32897.0
333,BTL,42.0,17.0,59.0
334,BTM,132526.0,128787.0,261313.0
335,BTP,13.0,11.0,24.0
336,BTR,1908383.0,1910001.0,3818384.0
337,BTS,18.0,23.0,41.0
338,BTT,16110.0,16436.0,32546.0
339,BTV,3099993.0,3099112.0,6199105.0
340,BUD,137856.0,126307.0,264163.0
341,BUF,12039755.0,12030319.0,24070074.0
342,BUR,12433812.0,12469545.0,24903357.0
343,BVO,6.0,6.0,12.0
344,BVU,7251.0,8861.0,16112.0
345,BVY,246.0,243.0,489.0
346,BWC,9.0,6.0,15.0
347,BWD,0.0,0.0,0.0
348,BWE,5.0,9.0,14.0
349,BWG,7310.0,7179.0,14489.0
350,BWI,64962142.0,64809774.0,129771916.0
351,BXS,4.0,4.0,8.0
352,BYA,2.0,3.0,5.0
353,BYH,2.0,1.0,3.0
354,BYW,10.0,17.0,27.0
355,BZE,1666023.0,1636209.0,3302232.0
356,BZN,3123251.0,3121704.0,6244955.0
357,BZZ,14.0,12.0,26.0
358,C01,181.0,194.0,375.0
359,CA5,7.0,0.0,7.0
360,CA9,7.0,0.0,7.0
361,CAD,1.0,7.0,8.0
362,CAE,2870406.0,2927588.0,5797994.0
363,CAG,7.0,3.0,10.0
364,CAI,448921.0,450991.0,899912.0
365,CAK,2940325.0,2926634.0,5866959.0
366,CAN,1970334.0,1993025.0,3963359.0
367,CAP,195077.0,196910.0,391987.0
368,CAY,95.0,124.0,219.0
369,CBA,31.0,46.0,77.0
370,CBE,4.0,4.0,8.0
371,CBF,2.0,0.0,2.0
372,CBM,167.0,171.0,338.0
373,CCC,101.0,155.0,256.0
374,CCR,33490.0,33190.0,66680.0
375,CCS,1204775.0,1044018.0,2248793.0
376,CCZ,3198.0,3635.0,6833.0
377,CDB,50518.0,50127.0,100645.0
378,CDC,84794.0,82205.0,166999.0
379,CDG,18181815.0,18334060.0,36515875.0
380,CDL,89.0,88.0,177.0
381,CDR,23475.0,23043.0,46518.0
382,CDV,180727.0,179604.0,360331.0
383,CDW,21.0,76.0,97.0
384,CEB,26275.0,27407.0,53682.0
385,CEC,36295.0,35042.0,71337.0
386,CEF,3876.0,4622.0,8498.0
387,CEL,4.0,0.0,4.0
388,CEM,862.0,876.0,1738.0
389,CEQ,5.0,8.0,13.0
390,CEU,40.0,43.0,83.0
391,CEV,0.0,0.0,0.0
392,CEW,27.0,36.0,63.0
393,CEX,1.0,1.0,2.0
394,CEY,4.0,3.0,7.0
395,CEZ,31827.0,30848.0,62675.0
396,CFG,48764.0,45520.0,94284.0
397,CFR,13.0,13.0,26.0
398,CFT,67.0,38.0,105.0
399,CGA,10310.0,11315.0,21625.0
400,CGE,14.0,13.0,27.0
401,CGF,315.0,304.0,619.0
402,CGI,43845.0,41805.0,85650.0
403,CGN,97594.0,75508.0,173102.0
404,CGO,0.0,0.0,0.0
405,CGQ,952.0,113.0,1065.0
406,CGS,1.0,6.0,7.0
407,CHA,2390002.0,2357910.0,4747912.0
408,CHC,1.0,128.0,129.0
409,CHD,3323.0,2042.0,5365.0
410,CHI,0.0,0.0,0.0
411,CHO,1646466.0,1635755.0,3282221.0
412,CHP,1.0,4.0,5.0
413,CHR,0.0,0.0,0.0
414,CHS,10077467.0,10051813.0,20129280.0
415,CHU,2571.0,2734.0,5305.0
416,CHZ,0.0,0.0,0.0
417,CIA,171.0,399.0,570.0
418,CIC,12.0,0.0,12.0
419,CID,2956830.0,2950714.0,5907544.0
420,CIG,0.0,0.0,0.0
421,CIK,4613.0,4684.0,9297.0
422,CIL,1.0,0.0,1.0
423,CIU,113386.0,111564.0,224950.0
424,CIW,110.0,88.0,198.0
425,CIY,7.0,0.0,7.0
426,CJR,9.0,5.0,14.0
427,CJS,0.0,11.0,11.0
428,CJU,860.0,1452.0,2312.0
429,CKB,158312.0,154798.0,313110.0
430,CKD,2454.0,2485.0,4939.0
431,CKE,24.0,8.0,32.0
432,CKG,82167.0,83260.0,165427.0
433,CKM,1.0,0.0,1.0
434,CKU,20.0,21.0,41.0
435,CKV,15.0,9.0,24.0
436,CKX,137.0,187.0,324.0
437,CLD,21848.0,20407.0,42255.0
438,CLE,22248410.0,22252503.0,44500913.0
439,CLF,0.0,4.0,4.0
440,CLL,412327.0,397629.0,809956.0
441,CLM,55.0,45.0,100.0
442,CLO,492571.0,495138.0,987709.0
443,CLP,3495.0,3608.0,7103.0
444,CLT,112838675.0,113164033.0,226002708.0
445,CLU,14.0,8.0,22.0
446,CMA,4.0,1.0,5.0
447,CMB,0.0,0.0,0.0
448,CME,16070.0,15087.0,31157.0
449,CMF,7.0,21.0,28.0
450,CMH,18979066.0,19022097.0,38001163.0
451,CMI,495453.0,483635.0,979088.0
452,CMN,586352.0,527667.0,1114019.0
453,CMW,279338.0,276622.0,555960.0
454,CMX,125011.0,121700.0,246711.0
455,CN2,12.0,0.0,12.0
456,CN4,14.0,0.0,14.0
457,CN6,0.0,0.0,0.0
458,CN9,15.0,0.0,15.0
459,CND,168.0,0.0,168.0
460,CNF,285334.0,290433.0,575767.0
461,CNM,19076.0,18430.0,37506.0
462,CNO,23.0,18.0,41.0
463,CNS,5081.0,4791.0,9872.0
464,CNW,2.0,2.0,4.0
465,CNY,39800.0,38443.0,78243.0
466,CO1,401.0,348.0,749.0
467,CO6,13.0,0.0,13.0
468,COD,193919.0,189552.0,383471.0
469,COE,175.0,179.0,354.0
470,COF,0.0,0.0,0.0
471,COM,0.0,3.0,3.0
472,CON,83.0,67.0,150.0
473,COO,9.0,8.0,17.0
474,COR,35401.0,41691.0,77092.0
475,COS,3892515.0,3886379.0,7778894.0
476,COT,0.0,0.0,0.0
477,COU,469131.0,471706.0,940837.0
478,CPH,2534712.0,2520283.0,5054995.0
479,CPR,482750.0,478433.0,961183.0
480,CPS,16119.0,16289.0,32408.0
481,CPT,1295.0,1626.0,2921.0
482,CPX,127720.0,133436.0,261156.0
483,CRE,28.0,18.0,46.0
484,CRG,2.0,2.0,4.0
485,CRK,0.0,6280.0,6280.0
486,CRP,1672619.0,1653808.0,3326427.0
487,CRQ,2.0,4.0,6.0
488,CRS,0.0,0.0,0.0
489,CRW,1085885.0,1079077.0,2164962.0
490,CSG,250800.0,232019.0,482819.0
491,CSL,273.0,250.0,523.0
492,CSM,614.0,32.0,646.0
493,CSN,0.0,0.0,0.0
494,CSV,0.0,0.0,0.0
495,CSX,67803.0,73906.0,141709.0
496,CT1,18.0,11.0,29.0
497,CT2,1.0,0.0,1.0
498,CT6,2.0,1.0,3.0
499,CT7,1.0,2.0,3.0
500,CTA,26.0,13.0,39.0
501,CTB,0.0,0.0,0.0
502,CTG,910172.0,891497.0,1801669.0
503,CTH,82.0,81.0,163.0
504,CTS,176352.0,159912.0,336264.0
505,CTU,254412.0,253464.0,507876.0
506,CTX,7.0,7.0,14.0
507,CTZ,0.0,0.0,0.0
508,CUB,2.0,2.0,4.0
509,CUL,23143.0,22533.0,45676.0
510,CUN,22150712.0,22124533.0,44275245.0
511,CUR,597997.0,605835.0,1203832.0
512,CUU,231498.0,226188.0,457686.0
513,CUW,0.0,3.0,3.0
514,CVG,18923353.0,18916821.0,37840174.0
515,CVJ,146.0,89.0,235.0
516,CVN,24908.0,24377.0,49285.0
517,CVO,6.0,4.0,10.0
518,CVS,25.0,158.0,183.0
519,CVT,2.0,0.0,2.0
520,CWA,629134.0,616161.0,1245295.0
521,CWB,233.0,57331.0,57564.0
522,CWF,873.0,816.0,1689.0
523,CWI,10.0,9.0,19.0
524,CWL,597.0,3021.0,3618.0
525,CXF,34574.0,38921.0,73495.0
526,CXH,6615.0,6903.0,13518.0
527,CXI,9757.0,7835.0,17592.0
528,CXL,136.0,94.0,230.0
529,CXO,18.0,22.0,40.0
530,CXY,1368.0,1283.0,2651.0
531,CYB,3294.0,15895.0,19189.0
532,CYF,32061.0,32374.0,64435.0
533,CYM,17.0,34.0,51.0
534,CYS,59757.0,59686.0,119443.0
535,CYT,0.0,0.0,0.0
536,CZF,383.0,408.0,791.0
537,CZM,838206.0,831719.0,1669925.0
538,CZN,385.0,603.0,988.0
539,DAB,1708751.0,1698467.0,3407218.0
540,DAC,0.0,972.0,972.0
541,DAG,0.0,0.0,0.0
542,DAL,39760528.0,39812148.0,79572676.0
543,DAN,4.0,5.0,9.0
544,DAY,4716535.0,4712623.0,9429158.0
545,DBQ,193949.0,188124.0,382073.0
546,DBV,9816.0,8002.0,17818.0
547,DCA,57364637.0,57434709.0,114799346.0
548,DCF,0.0,0.0,0.0
549,DCK,875.0,783.0,1658.0
550,DCU,19.0,20.0,39.0
551,DDC,15475.0,15436.0,30911.0
552,DE2,31.0,23.0,54.0
553,DE3,12.0,12.0,24.0
554,DEC,42620.0,40096.0,82716.0
555,DEL,1804838.0,1705980.0,3510818.0
556,DEN,151024252.0,151120966.0,302145218.0
557,DET,132.0,129.0,261.0
558,DFW,163888490.0,164225714.0,328114204.0
559,DGB,168.0,168.0,336.0
560,DGO,101474.0,98476.0,199950.0
561,DHB,46.0,67.0,113.0
562,DHF,0.0,0.0,0.0
563,DHN,255589.0,254822.0,510411.0
564,DIJ,6.0,13.0,19.0
565,DIK,124290.0,124431.0,248721.0
566,DIO,441.0,401.0,842.0
567,DJN,40.0,36.0,76.0
568,DKK,2.0,2.0,4.0
569,DKR,143655.0,144749.0,288404.0
570,DLC,292.0,500.0,792.0
571,DLF,0.0,0.0,0.0
572,DLG,172669.0,177302.0,349971.0
573,DLH,675015.0,670064.0,1345079.0
574,DLO,6.0,4.0,10.0
575,DLS,17.0,17.0,34.0
576,DMA,807.0,1079.0,1886.0
577,DME,70641.0,76902.0,147543.0
578,DMM,0.0,0.0,0.0
579,DMN,161.0,157.0,318.0
580,DNA,504.0,669.0,1173.0
581,DND,0.0,0.0,0.0
582,DNL,12.0,12.0,24.0
583,DNN,7.0,6.0,13.0
584,DOF,171.0,181.0,352.0
585,DOH,4569442.0,4339501.0,8908943.0
586,DOL,1.0,1.0,2.0
587,DOM,34941.0,38001.0,72942.0
588,DON,0.0,0.0,0.0
589,DOV,1811.0,1756.0,3567.0
590,DPA,442.0,461.0,903.0
591,DQG,26.0,23.0,49.0
592,DQH,0.0,0.0,0.0
593,DQK,6135.0,7122.0,13257.0
594,DQL,7140.0,7011.0,14151.0
595,DQN,7.0,6.0,13.0
596,DQP,0.0,0.0,0.0
597,DQS,39742.0,24106.0,63848.0
598,DQU,15465.0,16210.0,31675.0
599,DQV,7.0,4.0,11.0
600,DQY,0.0,0.0,0.0
601,DRF,0.0,1.0,1.0
602,DRG,16340.0,16396.0,32736.0
603,DRO,947328.0,942452.0,1889780.0
604,DRT,25937.0,24940.0,50877.0
605,DRW,124.0,0.0,124.0
606,DSA,5237.0,5811.0,11048.0
607,DSI,3010.0,3179.0,6189.0
608,DSM,6473740.0,6480498.0,12954238.0
609,DSS,82005.0,73080.0,155085.0
610,DTH,11.0,11.0,22.0
611,DTO,42.0,34.0,76.0
612,DTR,101.0,119.0,220.0
613,DTT,1.0,1.0,2.0
614,DTW,86099463.0,86274605.0,172374068.0
615,DUA,17.0,22.0,39.0
616,DUB,6969696.0,6904945.0,13874641.0
617,DUD,2.0,0.0,2.0
618,DUJ,23880.0,22613.0,46493.0
619,DUS,1872040.0,1809080.0,3681120.0
620,DUT,151599.0,147730.0,299329.0
621,DVL,49091.0,45705.0,94796.0
622,DVT,23.0,20.0,43.0
623,DWA,5.0,5.0,10.0
624,DWC,38.0,4.0,42.0
625,DWH,1460.0,1724.0,3184.0
626,DXB,7847975.0,7457501.0,15305476.0
627,DXR,150.0,174.0,324.0
628,DYL,3.0,3.0,6.0
629,DYR,531.0,493.0,1024.0
630,DYS,84.0,0.0,84.0
631,DYU,30.0,30.0,60.0
632,EAA,2923.0,3098.0,6021.0
633,EAR,39822.0,39687.0,79509.0
634,EAT,311820.0,300868.0,612688.0
635,EAU,112745.0,110760.0,223505.0
636,ECG,3174.0,2744.0,5918.0
637,ECP,2484413.0,2490638.0,4975051.0
638,ECS,3.0,3.0,6.0
639,ECU,0.0,0.0,0.0
640,EDA,1023.0,1018.0,2041.0
641,EDE,6.0,6.0,12.0
642,EDF,420.0,395.0,815.0
643,EDI,846721.0,837596.0,1684317.0
644,EDW,25.0,29.0,54.0
645,EEK,28849.0,28798.0,57647.0
646,EEN,124.0,126.0,250.0
647,EFD,4882.0,4658.0,9540.0
648,EFK,11.0,14.0,25.0
649,EFL,23.0,13.0,36.0
650,EGE,841694.0,845307.0,1687001.0
651,EGP,0.0,0.0,0.0
652,EGV,73.0,73.0,146.0
653,EGX,5357.0,5884.0,11241.0
654,EHM,357.0,377.0,734.0
655,EHR,38.0,55.0,93.0
656,EIL,1635.0,552.0,2187.0
657,EIN,15.0,0.0,15.0
658,EIS,180432.0,187357.0,367789.0
659,EKA,0.0,0.0,0.0
660,EKI,5.0,10.0,15.0
661,EKO,83991.0,81557.0,165548.0
662,EKX,0.0,0.0,0.0
663,EKY,8.0,8.0,16.0
664,ELD,15638.0,15159.0,30797.0
665,ELH,187409.0,189326.0,376735.0
666,ELI,22826.0,22673.0,45499.0
667,ELM,719495.0,711130.0,1430625.0
668,ELN,0.0,1.0,1.0
669,ELP,7780964.0,7612948.0,15393912.0
670,ELV,3728.0,3517.0,7245.0
671,ELY,8.0,8.0,16.0
672,EMA,30481.0,29915.0,60396.0
673,EMD,10.0,6.0,16.0
674,EMK,46396.0,46108.0,92504.0
675,EMT,5.0,6.0,11.0
676,ENA,473988.0,450922.0,924910.0
677,ENL,4.0,4.0,8.0
678,ENN,410.0,479.0,889.0
679,ENQ,44.0,64.0,108.0
680,ENV,191245.0,188265.0,379510.0
681,ENW,55.0,62.0,117.0
682,ERF,17.0,5.0,22.0
683,ERI,464615.0,458194.0,922809.0
684,ERV,44.0,40.0,84.0
685,ESB,95.0,293.0,388.0
686,ESC,86783.0,85318.0,172101.0
687,ESD,33076.0,31507.0,64583.0
688,ESE,4.0,7.0,11.0
689,ESF,0.0,16.0,16.0
690,ESN,78.0,85.0,163.0
691,EUG,2628044.0,2601116.0,5229160.0
692,EVN,3.0,3.0,6.0
693,EVV,1094200.0,1093471.0,2187671.0
694,EWB,32382.0,32261.0,64643.0
695,EWK,6.0,6.0,12.0
696,EWN,551924.0,548423.0,1100347.0
697,EWR,106492502.0,106177828.0,212670330.0
698,EXI,1071.0,1269.0,2340.0
699,EXT,6.0,16.0,22.0
700,EYW,2080066.0,2009995.0,4090061.0
701,EZE,4218823.0,4168889.0,8387712.0
702,F70,28.0,39.0,67.0
703,FAB,816.0,820.0,1636.0
704,FAI,2815893.0,2836698.0,5652591.0
705,FAO,186.0,1308.0,1494.0
706,FAQ,12257.0,12888.0,25145.0
707,FAR,2160669.0,2161396.0,4322065.0
708,FAT,4037791.0,4012038.0,8049829.0
709,FAY,1136437.0,1129160.0,2265597.0
710,FBK,2460.0,3112.0,5572.0
711,FBS,631.0,607.0,1238.0
712,FCA,1422077.0,1406475.0,2828552.0
713,FCM,30.0,21.0,51.0
714,FCO,5544760.0,5449499.0,10994259.0
715,FDF,143130.0,144751.0,287881.0
716,FDH,13.0,1.0,14.0
717,FDK,13.0,17.0,30.0
718,FDY,17.0,17.0,34.0
719,FET,0.0,0.0,0.0
720,FEZ,101.0,89.0,190.0
721,FFD,0.0,0.0,0.0
722,FFO,66.0,396.0,462.0
723,FFT,6.0,1.0,7.0
724,FGI,202330.0,210209.0,412539.0
725,FHB,9.0,7.0,16.0
726,FHU,129.0,0.0,129.0
727,FID,792.0,795.0,1587.0
728,FKB,52.0,65.0,117.0
729,FKL,8627.0,6893.0,15520.0
730,FKS,595.0,392.0,987.0
731,FL1,3.0,3.0,6.0
732,FL7,0.0,11.0,11.0
733,FL8,3.0,3.0,6.0
734,FLG,391043.0,388826.0,779869.0
735,FLL,79167634.0,79546187.0,158713821.0
736,FLN,7.0,0.0,7.0
737,FLO,229613.0,220823.0,450436.0
738,FLR,24.0,49.0,73.0
739,FLT,69.0,51.0,120.0
740,FLX,0.0,8.0,8.0
741,FME,7.0,6.0,13.0
742,FMH,0.0,0.0,0.0
743,FMN,9699.0,10123.0,19822.0
744,FMO,3.0,2.0,5.0
745,FMY,44.0,35.0,79.0
746,FNA,8.0,10.0,18.0
747,FNC,216.0,234.0,450.0
748,FNL,16997.0,17409.0,34406.0
749,FNR,68.0,102.0,170.0
750,FNT,1879792.0,1860821.0,3740613.0
751,FOC,110012.0,110796.0,220808.0
752,FOD,36818.0,35522.0,72340.0
753,FOE,18160.0,16801.0,34961.0
754,FOK,1206.0,1218.0,2424.0
755,FOR,140369.0,134635.0,275004.0
756,FPO,512643.0,474304.0,986947.0
757,FPR,229.0,239.0,468.0
758,FQL,2.0,2.0,4.0
759,FQW,99.0,94.0,193.0
760,FRA,17233328.0,16953023.0,34186351.0
761,FRD,49964.0,47998.0,97962.0
762,FRG,23347.0,23352.0,46699.0
763,FRY,30.0,26.0,56.0
764,FSC,12.0,6.0,18.0
765,FSD,2667184.0,2664875.0,5332059.0
766,FSI,0.0,0.0,0.0
767,FSM,434296.0,427707.0,862003.0
768,FST,6.0,5.0,11.0
769,FSZ,719.0,719.0,1438.0
770,FTG,32.0,45.0,77.0
771,FTW,8109.0,5400.0,13509.0
772,FTY,290.0,350.0,640.0
773,FUK,406171.0,401423.0,807594.0
774,FVG,1.0,2.0,3.0
775,FVO,3.0,11.0,14.0
776,FVQ,220.0,269.0,489.0
777,FVT,0.0,0.0,0.0
778,FVX,3.0,4.0,7.0
779,FVZ,4.0,3.0,7.0
780,FWA,1858502.0,1838919.0,3697421.0
781,FWH,318.0,237.0,555.0
782,FWL,32.0,38.0,70.0
783,FXE,8318.0,7353.0,15671.0
784,FYU,54339.0,54612.0,108951.0
785,FYV,2488.0,4609.0,7097.0
786,GA0,0.0,0.0,0.0
787,GA2,6.0,6.0,12.0
788,GA3,10.0,7.0,17.0
789,GA5,1.0,2.0,3.0
790,GA6,5.0,7.0,12.0
791,GA7,10.0,8.0,18.0
792,GA8,8.0,8.0,16.0
793,GA9,7.0,9.0,16.0
794,GAD,0.0,6.0,6.0
795,GAI,107.0,97.0,204.0
796,GAL,64454.0,65314.0,129768.0
797,GAM,25774.0,25662.0,51436.0
798,GBD,169.0,192.0,361.0
799,GBH,3831.0,3329.0,7160.0
800,GBR,24.0,28.0,52.0
801,GCC,145171.0,144733.0,289904.0
802,GCK,131229.0,129459.0,260688.0
803,GCM,2331335.0,2330091.0,4661426.0
804,GCN,451468.0,430419.0,881887.0
805,GCY,1.0,1.0,2.0
806,GDC,28.0,28.0,56.0
807,GDL,8747951.0,8749582.0,17497533.0
808,GDV,12481.0,12130.0,24611.0
809,GED,38.0,34.0,72.0
810,GEG,8643502.0,8633661.0,17277163.0
811,GEK,8.0,18.0,26.0
812,GEO,496507.0,493490.0,989997.0
813,GEY,0.0,0.0,0.0
814,GFK,630783.0,628652.0,1259435.0
815,GFL,86.0,73.0,159.0
816,GGE,8.0,4.0,12.0
817,GGG,119886.0,114738.0,234624.0
818,GGT,243500.0,242411.0,485911.0
819,GGW,18553.0,17867.0,36420.0
820,GHB,12066.0,11371.0,23437.0
821,GHC,1705.0,1689.0,3394.0
822,GIB,9.0,0.0,9.0
823,GIG,1955566.0,1908872.0,3864438.0
824,GJT,1177582.0,1191477.0,2369059.0
825,GKE,10.0,4.0,14.0
826,GKN,1670.0,1553.0,3223.0
827,GLA,618486.0,620429.0,1238915.0
828,GLF,12.0,0.0,12.0
829,GLH,21725.0,21460.0,43185.0
830,GLR,7.0,0.0,7.0
831,GLV,20738.0,20690.0,41428.0
832,GML,0.0,0.0,0.0
833,GMP,66.0,83.0,149.0
834,GMT,0.0,6.0,6.0
835,GMU,13.0,18.0,31.0
836,GND,414683.0,411610.0,826293.0
837,GNU,7283.0,6713.0,13996.0
838,GNV,1146466.0,1133462.0,2279928.0
839,GOA,28.0,682.0,710.0
840,GOJ,0.0,1.0,1.0
841,GON,156.0,136.0,292.0
842,GOT,210.0,30.0,240.0
843,GPM,0.0,0.0,0.0
844,GPT,1683019.0,1657759.0,3340778.0
845,GQQ,3.0,3.0,6.0
846,GRB,1541614.0,1533312.0,3074926.0
847,GRF,0.0,0.0,0.0
848,GRI,334318.0,332195.0,666513.0
849,GRK,707189.0,709360.0,1416549.0
850,GRQ,2.0,0.0,2.0
851,GRR,7509381.0,7435652.0,14945033.0
852,GRS,19.0,17.0,36.0
853,GRU,7570302.0,7451765.0,15022067.0
854,GRZ,0.0,0.0,0.0
855,GSB,8.0,156.0,164.0
856,GSE,6.0,4.0,10.0
857,GSH,8.0,8.0,16.0
858,GSO,4628391.0,4601623.0,9230014.0
859,GSP,5463801.0,5376475.0,10840276.0
860,GST,51756.0,50899.0,102655.0
861,GTB,0.0,0.0,0.0
862,GTF,900829.0,903187.0,1804016.0
863,GTR,218828.0,216278.0,435106.0
864,GTU,8.0,8.0,16.0
865,GTY,25.0,26.0,51.0
866,GUA,3161504.0,3213588.0,6375092.0
867,GUC,173955.0,170813.0,344768.0
868,GUF,46.0,45.0,91.0
869,GUM,7643029.0,7606272.0,15249301.0
870,GUP,5.0,5.0,10.0
871,GUS,0.0,2.0,2.0
872,GVA,726575.0,749414.0,1475989.0
873,GVL,17.0,19.0,36.0
874,GVQ,16.0,21.0,37.0
875,GVT,70.0,107.0,177.0
876,GWO,11.0,48.0,59.0
877,GYD,72187.0,74559.0,146746.0
878,GYE,1371752.0,1342046.0,2713798.0
879,GYR,71.0,56.0,127.0
880,GYY,4789.0,3349.0,8138.0
881,HAF,3.0,1.0,4.0
882,HAJ,152.0,184.0,336.0
883,HAM,130938.0,138549.0,269487.0
884,HAN,104.0,2.0,106.0
885,HAO,33.0,12.0,45.0
886,HAR,21.0,19.0,40.0
887,HAV,3138975.0,3101767.0,6240742.0
888,HBG,35.0,19.0,54.0
889,HBH,11.0,11.0,22.0
890,HBI,38.0,47.0,85.0
891,HCB,0.0,5.0,5.0
892,HCR,10635.0,10873.0,21508.0
893,HDE,0.0,0.0,0.0
894,HDN,505838.0,495367.0,1001205.0
895,HEL,810177.0,751854.0,1562031.0
896,HER,2.0,0.0,2.0
897,HES,12.0,6.0,18.0
898,HFD,62.0,65.0,127.0
899,HFE,0.0,0.0,0.0
900,HGH,165565.0,158127.0,323692.0
901,HGR,130746.0,127369.0,258115.0
902,HGZ,25.0,18.0,43.0
903,HHH,241646.0,254593.0,496239.0
904,HHN,866.0,322.0,1188.0
905,HHR,5478.0,5489.0,10967.0
906,HIB,97969.0,98834.0,196803.0
907,HIE,21.0,18.0,39.0
908,HIF,0.0,110.0,110.0
909,HII,17.0,13.0,30.0
910,HIJ,2109.0,2522.0,4631.0
911,HIK,1080.0,566.0,1646.0
912,HIO,64.0,67.0,131.0
913,HKB,707.0,925.0,1632.0
914,HKD,795.0,795.0,1590.0
915,HKG,8625763.0,8660004.0,17285767.0
916,HKS,2.0,7.0,9.0
917,HKY,3611.0,3154.0,6765.0
918,HLG,6.0,1.0,7.0
919,HLI,0.0,0.0,0.0
920,HLM,11.0,12.0,23.0
921,HLN,548006.0,546398.0,1094404.0
922,HLP,11.0,0.0,11.0
923,HMN,0.0,0.0,0.0
924,HMO,112083.0,110704.0,222787.0
925,HMY,85.0,92.0,177.0
926,HNA,153.0,153.0,306.0
927,HNB,3.0,3.0,6.0
928,HNC,5.0,5.0,10.0
929,HND,4063066.0,3920917.0,7983983.0
930,HNH,39432.0,39819.0,79251.0
931,HNL,49633077.0,49606805.0,99239882.0
932,HNM,10382.0,9710.0,20092.0
933,HNS,42338.0,45242.0,87580.0
934,HOB,98755.0,97891.0,196646.0
935,HOG,334652.0,324547.0,659199.0
936,HOM,226059.0,203141.0,429200.0
937,HON,4733.0,4957.0,9690.0
938,HOP,621.0,1166.0,1787.0
939,HOT,16571.0,16265.0,32836.0
940,HOU,34103460.0,34157813.0,68261273.0
941,HOW,319.0,279.0,598.0
942,HPB,39245.0,39767.0,79012.0
943,HPN,3930728.0,3910471.0,7841199.0
944,HQM,7.0,16.0,23.0
945,HRL,1437128.0,1402341.0,2839469.0
946,HRO,20140.0,19795.0,39935.0
947,HSH,990.0,1058.0,2048.0
948,HSI,0.0,0.0,0.0
949,HSL,17893.0,17874.0,35767.0
950,HST,40.0,132.0,172.0
951,HSV,2902653.0,2894043.0,5796696.0
952,HTO,707.0,1035.0,1742.0
953,HTS,514165.0,502435.0,1016600.0
954,HUF,1964.0,1719.0,3683.0
955,HUM,5.0,5.0,10.0
956,HUS,10381.0,10468.0,20849.0
957,HUT,8.0,4.0,12.0
958,HUX,54160.0,54200.0,108360.0
959,HUY,8.0,6.0,14.0
960,HVC,0.0,0.0,0.0
961,HVN,174822.0,175692.0,350514.0
962,HVR,13998.0,13625.0,27623.0
963,HWD,16.0,15.0,31.0
964,HYA,163920.0,168802.0,332722.0
965,HYG,122.0,103.0,225.0
966,HYL,8226.0,9531.0,17757.0
967,HYR,2.0,0.0,2.0
968,HYS,75499.0,80094.0,155593.0
969,IA4,5.0,5.0,10.0
970,IAB,0.0,0.0,0.0
971,IAD,55830622.0,56239204.0,112069826.0
972,IAG,632955.0,621247.0,1254202.0
973,IAH,103908868.0,103980407.0,207889275.0
974,IAN,29198.0,29228.0,58426.0
975,IBZ,102.0,79.0,181.0
976,ICN,14958859.0,14660683.0,29619542.0
977,ICT,4119054.0,4127022.0,8246076.0
978,ICY,5.0,4.0,9.0
979,ID1,16.0,14.0,30.0
980,IDA,784030.0,780359.0,1564389.0
981,IDP,21.0,21.0,42.0
982,IEV,15.0,24.0,39.0
983,IFP,606450.0,612167.0,1218617.0
984,IGA,2.0,0.0,2.0
985,IGG,1900.0,1981.0,3881.0
986,IGM,729.0,878.0,1607.0
987,IGR,7.0,0.0,7.0
988,IGU,10.0,0.0,10.0
989,II3,2.0,29.0,31.0
990,IKK,12.0,13.0,25.0
991,IKO,848.0,901.0,1749.0
992,IKV,168.0,0.0,168.0
993,IL2,12.0,12.0,24.0
994,IL3,5.0,0.0,5.0
995,ILG,14900.0,14818.0,29718.0
996,ILI,25113.0,24281.0,49394.0
997,ILM,2240098.0,2215602.0,4455700.0
998,ILN,265.0,39.0,304.0
999,IML,1.0,5.0,6.0
1000,IMT,82360.0,78309.0,160669.0
1001,IN1,0.0,0.0,0.0
1002,IN2,21.0,16.0,37.0
1003,IN6,27.0,25.0,52.0
1004,IN7,2.0,2.0,4.0
1005,INC,0.0,0.0,0.0
1006,IND,22174205.0,22156239.0,44330444.0
1007,INL,76623.0,73981.0,150604.0
1008,INN,11.0,4.0,15.0
1009,INS,114.0,221.0,335.0
1010,INT,2442.0,2260.0,4702.0
1011,INV,10.0,18.0,28.0
1012,IOM,3.0,10.0,13.0
1013,IOW,7.0,3.0,10.0
1014,IPL,25071.0,23176.0,48247.0
1015,IPT,102339.0,96243.0,198582.0
1016,IQT,6.0,6.0,12.0
1017,IRC,1726.0,1424.0,3150.0
1018,IRK,25598.0,24695.0,50293.0
1019,IRS,2.0,2.0,4.0
1020,ISL,0.0,2.0,2.0
1021,ISM,130.0,148.0,278.0
1022,ISN,385313.0,385826.0,771139.0
1023,ISO,3398.0,3552.0,6950.0
1024,ISP,3470964.0,3468623.0,6939587.0
1025,ISQ,0.0,0.0,0.0
1026,ISS,20.0,18.0,38.0
1027,IST,4929986.0,4809593.0,9739579.0
1028,ISW,12.0,8.0,20.0
1029,ITH,481511.0,484224.0,965735.0
1030,ITO,3100641.0,3136449.0,6237090.0
1031,IWA,0.0,1.0,1.0
1032,IWD,25856.0,25053.0,50909.0
1033,IWK,232.0,235.0,467.0
1034,IWO,1107.0,1111.0,2218.0
1035,IYK,575.0,452.0,1027.0
1036,IZO,302.0,302.0,604.0
1037,JAC,1820737.0,1805220.0,3625957.0
1038,JAN,2496110.0,2495324.0,4991434.0
1039,JAX,14926900.0,14895404.0,29822304.0
1040,JBQ,2.0,3.0,5.0
1041,JBR,25602.0,24019.0,49621.0
1042,JCI,15.0,14.0,29.0
1043,JCT,0.0,0.0,0.0
1044,JDX,13.0,20.0,33.0
1045,JED,534170.0,521511.0,1055681.0
1046,JEF,41.0,47.0,88.0
1047,JER,11.0,21.0,32.0
1048,JFK,148927079.0,150154185.0,299081264.0
1049,JGG,9.0,9.0,18.0
1050,JHM,176285.0,172852.0,349137.0
1051,JHW,5231.0,5051.0,10282.0
1052,JLA,24.0,30.0,54.0
1053,JLN,179839.0,181425.0,361264.0
1054,JMK,41.0,41.0,82.0
1055,JMS,93307.0,100056.0,193363.0
1056,JNB,870916.0,889780.0,1760696.0
1057,JNU,2170889.0,2170582.0,4341471.0
1058,JO2,0.0,0.0,0.0
1059,JQF,163870.0,159618.0,323488.0
1060,JRA,157.0,346.0,503.0
1061,JRB,7.0,7.0,14.0
1062,JRF,9553.0,9543.0,19096.0
1063,JRV,165253.0,161245.0,326498.0
1064,JST,28553.0,28017.0,56570.0
1065,JTR,16.0,14.0,30.0
1066,JVL,27.0,0.0,27.0
1067,JWY,1.0,0.0,1.0
1068,JXN,13.0,36.0,49.0
1069,JZB,4.0,2.0,6.0
1070,JZE,59.0,60.0,119.0
1071,JZI,59.0,82.0,141.0
1072,JZM,61.0,41.0,102.0
1073,JZQ,27.0,20.0,47.0
1074,JZT,64.0,56.0,120.0
1075,JZU,41.0,28.0,69.0
1076,JZY,7.0,5.0,12.0
1077,KAE,17156.0,17322.0,34478.0
1078,KAL,11941.0,12048.0,23989.0
1079,KBC,6073.0,6066.0,12139.0
1080,KBE,2.0,2.0,4.0
1081,KBP,354955.0,353045.0,708000.0
1082,KCC,760.0,1012.0,1772.0
1083,KCG,2072.0,2135.0,4207.0
1084,KCL,1733.0,1713.0,3446.0
1085,KCQ,2299.0,2342.0,4641.0
1086,KCR,2.0,2.0,4.0
1087,KCZ,157.0,157.0,314.0
1088,KDK,36.0,36.0,72.0
1089,KEB,15288.0,20246.0,35534.0
1090,KEF,4626142.0,4663309.0,9289451.0
1091,KEH,17316.0,16580.0,33896.0
1092,KEK,4218.0,4184.0,8402.0
1093,KFP,1771.0,2042.0,3813.0
1094,KGK,5520.0,5432.0,10952.0
1095,KGX,5858.0,5942.0,11800.0
1096,KHI,60152.0,0.0,60152.0
1097,KHN,2683.0,2682.0,5365.0
1098,KHV,10.0,0.0,10.0
1099,KIJ,1294.0,1067.0,2361.0
1100,KIN,2734295.0,2659677.0,5393972.0
1101,KIR,15.0,16.0,31.0
1102,KIV,84.0,81.0,165.0
1103,KIX,2748967.0,2722334.0,5471301.0
1104,KJA,0.0,0.0,0.0
1105,KJK,7.0,3.0,10.0
1106,KKA,19421.0,19447.0,38868.0
1107,KKB,454.0,562.0,1016.0
1108,KKH,27886.0,27863.0,55749.0
1109,KKI,21954.0,20797.0,42751.0
1110,KKJ,789.0,787.0,1576.0
1111,KKL,10.0,22.0,32.0
1112,KKU,1.0,18.0,19.0
1113,KLG,25503.0,25496.0,50999.0
1114,KLL,1706.0,1586.0,3292.0
1115,KLN,13559.0,13762.0,27321.0
1116,KLS,0.0,5.0,5.0
1117,KLU,64.0,70.0,134.0
1118,KLW,56508.0,56508.0,113016.0
1119,KLX,13.0,5.0,18.0
1120,KMJ,615.0,675.0,1290.0
1121,KMO,4474.0,4158.0,8632.0
1122,KMQ,808.0,809.0,1617.0
1123,KMY,501.0,576.0,1077.0
1124,KNB,2302.0,144.0,2446.0
1125,KNK,7835.0,8035.0,15870.0
1126,KNW,8448.0,8253.0,16701.0
1127,KOA,8577599.0,8562495.0,17140094.0
1128,KOJ,330.0,331.0,661.0
1129,KOT,33219.0,33603.0,66822.0
1130,KOY,547.0,585.0,1132.0
1131,KOZ,8058.0,7771.0,15829.0
1132,KPB,307.0,324.0,631.0
1133,KPC,42.0,44.0,86.0
1134,KPN,38336.0,38473.0,76809.0
1135,KPR,293.0,277.0,570.0
1136,KPV,2070.0,2028.0,4098.0
1137,KPY,407.0,418.0,825.0
1138,KQA,3619.0,3004.0,6623.0
1139,KRK,39798.0,38011.0,77809.0
1140,KS3,3.0,6.0,9.0
1141,KSA,103.0,76.0,179.0
1142,KSF,7.0,0.0,7.0
1143,KSM,63192.0,67091.0,130283.0
1144,KTB,11894.0,12694.0,24588.0
1145,KTN,1101075.0,1102874.0,2203949.0
1146,KTS,18690.0,18076.0,36766.0
1147,KUH,0.0,0.0,0.0
1148,KUK,26152.0,25678.0,51830.0
1149,KUL,16.0,6.0,22.0
1150,KUV,168.0,452.0,620.0
1151,KVC,7227.0,8149.0,15376.0
1152,KVL,29216.0,29429.0,58645.0
1153,KWA,28.0,0.0,28.0
1154,KWF,4489.0,3998.0,8487.0
1155,KWI,352946.0,374313.0,727259.0
1156,KWK,25218.0,25133.0,50351.0
1157,KWN,41355.0,40133.0,81488.0
1158,KWP,480.0,468.0,948.0
1159,KWT,24666.0,23946.0,48612.0
1160,KXA,869.0,899.0,1768.0
1161,KY1,0.0,0.0,0.0
1162,KY3,0.0,0.0,0.0
1163,KY5,23.0,18.0,41.0
1164,KY6,7.0,7.0,14.0
1165,KYK,2273.0,2400.0,4673.0
1166,KYU,10109.0,10210.0,20319.0
1167,KZB,295.0,186.0,481.0
1168,KZH,0.0,5.0,5.0
1169,L41,436.0,23382.0,23818.0
1170,LA1,1.0,1.0,2.0
1171,LA2,3.0,3.0,6.0
1172,LA3,4.0,3.0,7.0
1173,LA4,0.0,5.0,5.0
1174,LA5,0.0,3.0,3.0
1175,LAD,29672.0,30273.0,59945.0
1176,LAF,19953.0,20042.0,39995.0
1177,LAL,1138.0,1091.0,2229.0
1178,LAM,897.0,669.0,1566.0
1179,LAN,869163.0,857074.0,1726237.0
1180,LAP,1795.0,3269.0,5064.0
1181,LAR,86109.0,82606.0,168715.0
1182,LAS,117526251.0,117605384.0,235131635.0
1183,LAW,254053.0,258196.0,512249.0
1184,LAX,205745255.0,205188513.0,410933768.0
1185,LBA,6637.0,6418.0,13055.0
1186,LBB,2422887.0,2408047.0,4830934.0
1187,LBE,786149.0,777359.0,1563508.0
1188,LBF,44851.0,43478.0,88329.0
1189,LBG,1478.0,1319.0,2797.0
1190,LBL,18919.0,18232.0,37151.0
1191,LBV,6.0,0.0,6.0
1192,LCA,9.0,18.0,27.0
1193,LCE,2.0,0.0,2.0
1194,LCG,12.0,4.0,16.0
1195,LCH,302871.0,295705.0,598576.0
1196,LCI,184.0,211.0,395.0
1197,LCK,627734.0,617995.0,1245729.0
1198,LCY,7.0,39382.0,39389.0
1199,LDE,3332.0,3076.0,6408.0
1200,LDU,54.0,0.0,54.0
1201,LDY,14.0,5.0,19.0
1202,LEB,51112.0,49701.0,100813.0
1203,LED,27.0,16.0,43.0
1204,LEE,12.0,19.0,31.0
1205,LEJ,1.0,0.0,1.0
1206,LEW,102.0,100.0,202.0
1207,LEX,3249456.0,3245320.0,6494776.0
1208,LFI,692.0,883.0,1575.0
1209,LFT,1145484.0,1135831.0,2281315.0
1210,LGA,74230970.0,74129158.0,148360128.0
1211,LGB,8106166.0,8107035.0,16213201.0
1212,LGC,5.0,5.0,10.0
1213,LGD,0.0,0.0,0.0
1214,LGG,0.0,256.0,256.0
1215,LGU,6157.0,6398.0,12555.0
1216,LGW,6116187.0,6000552.0,12116739.0
1217,LHR,37178816.0,37969698.0,75148514.0
1218,LIH,7597050.0,7599949.0,15196999.0
1219,LIJ,29.0,24.0,53.0
1220,LIM,4829546.0,4771269.0,9600815.0
1221,LIN,157.0,214.0,371.0
1222,LIR,2170752.0,2097200.0,4267952.0
1223,LIS,2066365.0,2114977.0,4181342.0
1224,LIT,5107896.0,5097983.0,10205879.0
1225,LIV,9.0,7.0,16.0
1226,LIY,26.0,23.0,49.0
1227,LJU,0.0,1.0,1.0
1228,LKE,118303.0,113308.0,231611.0
1229,LKK,7517.0,7699.0,15216.0
1230,LKP,70.0,84.0,154.0
1231,LKV,0.0,0.0,0.0
1232,LLA,0.0,0.0,0.0
1233,LLY,20.0,25.0,45.0
1234,LMA,369.0,402.0,771.0
1235,LMO,0.0,0.0,0.0
1236,LMT,8792.0,8933.0,17725.0
1237,LNA,37.0,5.0,42.0
1238,LNI,74.0,105.0,179.0
1239,LNK,795804.0,795484.0,1591288.0
1240,LNR,0.0,5.0,5.0
1241,LNS,21863.0,20640.0,42503.0
1242,LNY,217076.0,215804.0,432880.0
1243,LNZ,0.0,0.0,0.0
1244,LOS,408718.0,409955.0,818673.0
1245,LOT,20.0,24.0,44.0
1246,LOU,1.0,1.0,2.0
1247,LOZ,9.0,9.0,18.0
1248,LPA,15.0,22.0,37.0
1249,LPL,69.0,353.0,422.0
1250,LPO,0.0,6.0,6.0
1251,LPR,17.0,22.0,39.0
1252,LPS,86.0,74.0,160.0
1253,LQK,9.0,9.0,18.0
1254,LRD,482579.0,493078.0,975657.0
1255,LRH,3.0,2.0,5.0
1256,LRM,78860.0,80452.0,159312.0
1257,LRT,1.0,2.0,3.0
1258,LRU,1118.0,4378.0,5496.0
1259,LSE,471015.0,457882.0,928897.0
1260,LSF,615.0,670.0,1285.0
1261,LSP,0.0,0.0,0.0
1262,LSV,1991.0,712.0,2703.0
1263,LTN,16029.0,16020.0,32049.0
1264,LTO,124648.0,124618.0,249266.0
1265,LUF,26.0,95.0,121.0
1266,LUK,129436.0,129055.0,258491.0
1267,LUP,30139.0,28158.0,58297.0
1268,LUR,1085.0,1137.0,2222.0
1269,LUX,10.0,7.0,17.0
1270,LVD,29.0,24.0,53.0
1271,LVK,8.0,11.0,19.0
1272,LVS,2.0,1.0,3.0
1273,LWB,44467.0,46246.0,90713.0
1274,LWC,8.0,7.0,15.0
1275,LWM,47.0,33.0,80.0
1276,LWS,326886.0,329726.0,656612.0
1277,LYH,411026.0,407162.0,818188.0
1278,LYN,23.0,13.0,36.0
1279,LYS,78.0,34.0,112.0
1280,LYX,26.0,14.0,40.0
1281,LZU,16.0,30.0,46.0
1282,MA1,29.0,21.0,50.0
1283,MA2,63.0,53.0,116.0
1284,MA4,19.0,27.0,46.0
1285,MA5,12.0,17.0,29.0
1286,MA6,5.0,5.0,10.0
1287,MAD,6415276.0,6440172.0,12855448.0
1288,MAF,2892583.0,2849702.0,5742285.0
1289,MAJ,105541.0,92055.0,197596.0
1290,MAN,4000094.0,4020881.0,8020975.0
1291,MAO,211327.0,204043.0,415370.0
1292,MAR,159313.0,143428.0,302741.0
1293,MAY,8.0,8.0,16.0
1294,MAZ,32012.0,28790.0,60802.0
1295,MBJ,7035459.0,6987980.0,14023439.0
1296,MBL,18444.0,15406.0,33850.0
1297,MBS,614928.0,601872.0,1216800.0
1298,MBY,3.0,3.0,6.0
1299,MCC,38.0,41.0,79.0
1300,MCE,34548.0,33562.0,68110.0
1301,MCF,0.0,54.0,54.0
1302,MCG,14833.0,15015.0,29848.0
1303,MCI,28494560.0,28515863.0,57010423.0
1304,MCK,9166.0,8782.0,17948.0
1305,MCN,39205.0,39591.0,78796.0
1306,MCO,109139647.0,109963674.0,219103321.0
1307,MCW,39101.0,38417.0,77518.0
1308,MD1,16.0,16.0,32.0
1309,MD2,7.0,6.0,13.0
1310,MDD,25.0,16.0,41.0
1311,MDE,1344738.0,1317925.0,2662663.0
1312,MDH,685.0,688.0,1373.0
1313,MDJ,0.0,8.0,8.0
1314,MDO,6.0,1.0,7.0
1315,MDT,3173494.0,3142950.0,6316444.0
1316,MDW,54851397.0,55088713.0,109940110.0
1317,ME1,13.0,11.0,24.0
1318,ME2,34.0,37.0,71.0
1319,ME3,413.0,422.0,835.0
1320,ME4,12.0,15.0,27.0
1321,ME7,2.0,2.0,4.0
1322,MEC,112.0,394.0,506.0
1323,MEI,137764.0,133087.0,270851.0
1324,MEL,1656198.0,1675272.0,3331470.0
1325,MEM,10679740.0,10672678.0,21352418.0
1326,MEO,0.0,0.0,0.0
1327,MER,2.0,153.0,155.0
1328,MEV,4.0,0.0,4.0
1329,MEX,19202457.0,19514828.0,38717285.0
1330,MFD,473.0,476.0,949.0
1331,MFE,1850798.0,1767837.0,3618635.0
1332,MFH,9.0,9.0,18.0
1333,MFM,19.0,1866.0,1885.0
1334,MFR,2235208.0,2217885.0,4453093.0
1335,MGA,1561787.0,1537718.0,3099505.0
1336,MGE,171.0,287.0,458.0
1337,MGM,884189.0,878731.0,1762920.0
1338,MGW,37955.0,37362.0,75317.0
1339,MHE,24.0,22.0,46.0
1340,MHH,334454.0,336279.0,670733.0
1341,MHK,349854.0,358523.0,708377.0
1342,MHM,660.0,710.0,1370.0
1343,MHR,333.0,582.0,915.0
1344,MHT,4767020.0,4757970.0,9524990.0
1345,MHV,19.0,18.0,37.0
1346,MHZ,0.0,149.0,149.0
1347,MI2,25.0,23.0,48.0
1348,MI6,2.0,1.0,3.0
1349,MI7,18.0,28.0,46.0
1350,MIA,105306021.0,105283415.0,210589436.0
1351,MIB,316.0,75.0,391.0
1352,MID,284022.0,297969.0,581991.0
1353,MIE,1503.0,1372.0,2875.0
1354,MIW,5.0,5.0,10.0
1355,MJX,17.0,25.0,42.0
1356,MKC,15220.0,15227.0,30447.0
1357,MKE,17159535.0,17145673.0,34305208.0
1358,MKG,90590.0,88841.0,179431.0
1359,MKK,401178.0,412331.0,813509.0
1360,MKL,20845.0,19242.0,40087.0
1361,MKO,3.0,6.0,9.0
1362,MKT,6.0,6.0,12.0
1363,MLA,28.0,31.0,59.0
1364,MLB,1146300.0,1126478.0,2272778.0
1365,MLC,7.0,0.0,7.0
1366,MLH,4.0,20.0,24.0
1367,MLI,1786151.0,1764901.0,3551052.0
1368,MLL,18379.0,18145.0,36524.0
1369,MLM,737334.0,749210.0,1486544.0
1370,MLT,1.0,0.0,1.0
1371,MLU,544078.0,536928.0,1081006.0
1372,MLY,1614.0,1562.0,3176.0
1373,MMH,107388.0,115712.0,223100.0
1374,MMI,0.0,0.0,0.0
1375,MML,16.0,21.0,37.0
1376,MMN,4.0,4.0,8.0
1377,MMT,0.0,173.0,173.0
1378,MMU,28830.0,28563.0,57393.0
1379,MMX,0.0,0.0,0.0
1380,MN5,2.0,2.0,4.0
1381,MN7,28.0,9.0,37.0
1382,MNL,2526374.0,2415378.0,4941752.0
1383,MNN,8.0,8.0,16.0
1384,MNT,1922.0,1751.0,3673.0
1385,MNZ,2892.0,2914.0,5806.0
1386,MO3,13.0,5.0,18.0
1387,MOA,11.0,0.0,11.0
1388,MOB,1485515.0,1491756.0,2977271.0
1389,MOD,33.0,140.0,173.0
1390,MOP,15.0,17.0,32.0
1391,MOS,0.0,0.0,0.0
1392,MOT,789633.0,790400.0,1580033.0
1393,MOU,28373.0,27681.0,56054.0
1394,MPB,5001.0,5265.0,10266.0
1395,MPL,4.0,12.0,16.0
1396,MPO,16.0,4.0,20.0
1397,MPR,5.0,5.0,10.0
1398,MPV,25.0,21.0,46.0
1399,MQI,39.0,33.0,72.0
1400,MQJ,41.0,47.0,88.0
1401,MQT,251620.0,246829.0,498449.0
1402,MQY,9589.0,9105.0,18694.0
1403,MRB,5.0,5.0,10.0
1404,MRC,20.0,13.0,33.0
1405,MRF,12.0,17.0,29.0
1406,MRI,17125.0,14060.0,31185.0
1407,MRK,0.0,12.0,12.0
1408,MRN,0.0,11.0,11.0
1409,MRS,112.0,80.0,192.0
1410,MRY,989436.0,986225.0,1975661.0
1411,MSC,4.0,3.0,7.0
1412,MSJ,983.0,977.0,1960.0
1413,MSL,25264.0,23758.0,49022.0
1414,MSN,4916655.0,4883531.0,9800186.0
1415,MSO,1997003.0,1986503.0,3983506.0
1416,MSP,92228521.0,92356861.0,184585382.0
1417,MSS,24148.0,23435.0,47583.0
1418,MST,10.0,3.0,13.0
1419,MSV,84.0,79.0,163.0
1420,MSY,30996075.0,30946868.0,61942943.0
1421,MT2,0.0,0.0,0.0
1422,MTH,67.0,92.0,159.0
1423,MTJ,638032.0,632895.0,1270927.0
1424,MTM,10861.0,10925.0,21786.0
1425,MTN,82.0,174.0,256.0
1426,MTO,474.0,476.0,950.0
1427,MTP,220.0,221.0,441.0
1428,MTX,485.0,444.0,929.0
1429,MTY,2819656.0,2848435.0,5668091.0
1430,MUC,6054400.0,6018949.0,12073349.0
1431,MUE,21821.0,21699.0,43520.0
1432,MUO,254.0,116.0,370.0
1433,MVC,0.0,0.0,0.0
1434,MVD,289811.0,295748.0,585559.0
1435,MVL,869.0,1002.0,1871.0
1436,MVM,431.0,308.0,739.0
1437,MVN,0.0,2.0,2.0
1438,MVW,9.0,11.0,20.0
1439,MVY,257185.0,255720.0,512905.0
1440,MWA,53169.0,48900.0,102069.0
1441,MWH,433.0,432.0,865.0
1442,MWL,14.0,16.0,30.0
1443,MWX,4.0,0.0,4.0
1444,MXE,4.0,0.0,4.0
1445,MXF,175.0,116.0,291.0
1446,MXL,197.0,137.0,334.0
1447,MXP,2755031.0,2731034.0,5486065.0
1448,MXY,614.0,658.0,1272.0
1449,MYF,281.0,304.0,585.0
1450,MYJ,591.0,222.0,813.0
1451,MYK,85.0,171.0,256.0
1452,MYL,14.0,8.0,22.0
1453,MYR,5685110.0,5690639.0,11375749.0
1454,MYU,10183.0,10279.0,20462.0
1455,MZJ,11.0,5.0,16.0
1456,MZO,317.0,346.0,663.0
1457,MZT,485106.0,490661.0,975767.0
1458,MZZ,13.0,12.0,25.0
1459,N1C,156.0,149.0,305.0
1460,N1J,0.0,2.0,2.0
1461,N1Y,21.0,48.0,69.0
1462,N2C,347.0,315.0,662.0
1463,N2Y,7.0,12.0,19.0
1464,N3C,14.0,14.0,28.0
1465,N3Y,5.0,5.0,10.0
1466,N4C,5.0,4.0,9.0
1467,N4Y,88.0,46.0,134.0
1468,N5C,1.0,1.0,2.0
1469,N5Y,2.0,2.0,4.0
1470,N6Y,6.0,6.0,12.0
1471,NAD,64.0,62.0,126.0
1472,NAN,527551.0,501197.0,1028748.0
1473,NAP,111296.0,102640.0,213936.0
1474,NAS,5744962.0,5708267.0,11453229.0
1475,NB1,4.0,0.0,4.0
1476,NBC,0.0,0.0,0.0
1477,NBG,0.0,0.0,0.0
1478,NBO,61532.0,59762.0,121294.0
1479,NBW,2596.0,2690.0,5286.0
1480,NC1,8884.0,4746.0,13630.0
1481,NC8,4.0,0.0,4.0
1482,NCE,220390.0,210491.0,430881.0
1483,NCL,70912.0,70225.0,141137.0
1484,NCN,0.0,0.0,0.0
1485,NCO,9.0,4.0,13.0
1486,NEV,11675.0,11980.0,23655.0
1487,NEW,189.0,202.0,391.0
1488,NGB,647.0,624.0,1271.0
1489,NGD,7.0,16.0,23.0
1490,NGF,0.0,124.0,124.0
1491,NGO,1282346.0,1253960.0,2536306.0
1492,NGS,0.0,0.0,0.0
1493,NGU,3419.0,1722.0,5141.0
1494,NH1,6.0,6.0,12.0
1495,NH3,1.0,0.0,1.0
1496,NH4,10.0,12.0,22.0
1497,NH5,3.0,3.0,6.0
1498,NHK,216.0,48.0,264.0
1499,NHT,111.0,138.0,249.0
1500,NHZ,76.0,69.0,145.0
1501,NIB,1234.0,1134.0,2368.0
1502,NIM,13.0,12.0,25.0
1503,NIN,0.0,0.0,0.0
1504,NIP,1635.0,1721.0,3356.0
1505,NJ1,322.0,45.0,367.0
1506,NJ4,5.0,5.0,10.0
1507,NJ5,8.0,8.0,16.0
1508,NJ7,2.0,0.0,2.0
1509,NJ8,1.0,1.0,2.0
1510,NJ9,3.0,2.0,5.0
1511,NJK,276.0,191.0,467.0
1512,NKG,102169.0,98455.0,200624.0
1513,NKI,543.0,593.0,1136.0
1514,NKX,775.0,1118.0,1893.0
1515,NLC,7.0,182.0,189.0
1516,NLG,2177.0,2244.0,4421.0
1517,NM2,351.0,0.0,351.0
1518,NMC,8.0,0.0,8.0
1519,NME,22062.0,22122.0,44184.0
1520,NNK,128.0,360.0,488.0
1521,NNL,2866.0,2812.0,5678.0
1522,NOC,13.0,5.0,18.0
1523,NOU,237.0,153.0,390.0
1524,NPA,138.0,138.0,276.0
1525,NPE,2.0,6.0,8.0
1526,NPT,363.0,388.0,751.0
1527,NQA,5.0,0.0,5.0
1528,NQX,264.0,367.0,631.0
1529,NRT,18531930.0,18259587.0,36791517.0
1530,NSB,12459.0,11456.0,23915.0
1531,NSY,166.0,120.0,286.0
1532,NTD,1381.0,1098.0,2479.0
1533,NTE,4.0,8.0,12.0
1534,NTR,28.0,15.0,43.0
1535,NTU,0.0,0.0,0.0
1536,NUE,2.0,2017.0,2019.0
1537,NUI,20490.0,21202.0,41692.0
1538,NUL,19697.0,19737.0,39434.0
1539,NUP,23965.0,23163.0,47128.0
1540,NUQ,337.0,314.0,651.0
1541,NUW,211.0,136.0,347.0
1542,NV5,2164.0,1963.0,4127.0
1543,NV6,19.0,19.0,38.0
1544,NWI,0.0,2.0,2.0
1545,NY1,7.0,6.0,13.0
1546,NY2,8.0,8.0,16.0
1547,NY3,6.0,7.0,13.0
1548,NY4,6.0,0.0,6.0
1549,NY5,18.0,21.0,39.0
1550,NY7,86.0,87.0,173.0
1551,NY8,1.0,3.0,4.0
1552,NY9,5.0,5.0,10.0
1553,NYC,4500.0,4949.0,9449.0
1554,NYL,564.0,614.0,1178.0
1555,NZC,561.0,574.0,1135.0
1556,NZY,394.0,81.0,475.0
1557,O1H,1.0,1.0,2.0
1558,O2H,5.0,3.0,8.0
1559,O4H,2.0,2.0,4.0
1560,O5H,2.0,2.0,4.0
1561,O6H,4.0,4.0,8.0
1562,O85,0.0,0.0,0.0
1563,OAJ,766839.0,786954.0,1553793.0
1564,OAK,31815406.0,31885670.0,63701076.0
1565,OAX,108499.0,110940.0,219439.0
1566,OBE,2.0,1.0,3.0
1567,OBF,9.0,14.0,23.0
1568,OBO,354.0,354.0,708.0
1569,OBU,15918.0,15965.0,31883.0
1570,OCA,25.0,19.0,44.0
1571,OCE,7.0,1.0,8.0
1572,OCF,64.0,3529.0,3593.0
1573,OCJ,2.0,2.0,4.0
1574,ODE,7.0,37.0,44.0
1575,OEO,0.0,0.0,0.0
1576,OFF,121.0,220.0,341.0
1577,OFK,4.0,4.0,8.0
1578,OFU,3274.0,3099.0,6373.0
1579,OGA,0.0,0.0,0.0
1580,OGB,2.0,2.0,4.0
1581,OGD,88043.0,86882.0,174925.0
1582,OGG,17386304.0,17398171.0,34784475.0
1583,OGS,88637.0,83211.0,171848.0
1584,OH3,7.0,7.0,14.0
1585,OHC,81.0,78.0,159.0
1586,OIC,5.0,6.0,11.0
1587,OJC,0.0,6.0,6.0
1588,OKA,214.0,799.0,1013.0
1589,OKC,10002367.0,10024951.0,20027318.0
1590,OKJ,2093.0,2351.0,4444.0
1591,OKK,8.0,0.0,8.0
1592,OKO,3928.0,4774.0,8702.0
1593,OLB,41.0,90.0,131.0
1594,OLE,6.0,6.0,12.0
1595,OLF,18813.0,18066.0,36879.0
1596,OLH,11328.0,11369.0,22697.0
1597,OLM,19.0,37.0,56.0
1598,OLS,0.0,0.0,0.0
1599,OLU,0.0,0.0,0.0
1600,OLV,33.0,40.0,73.0
1601,OMA,11510621.0,11520013.0,23030634.0
1602,OME,388074.0,388925.0,776999.0
1603,ON1,19.0,5.0,24.0
1604,ON2,1.0,0.0,1.0
1605,ONA,0.0,0.0,0.0
1606,ONH,35.0,33.0,68.0
1607,ONN,20.0,14.0,34.0
1608,ONP,10.0,12.0,22.0
1609,ONT,11870790.0,11913572.0,23784362.0
1610,OOK,35772.0,36074.0,71846.0
1611,OPF,2698.0,2795.0,5493.0
1612,OPH,4.0,13.0,17.0
1613,OPN,3.0,3.0,6.0
1614,OPO,172965.0,173231.0,346196.0
1615,OR2,0.0,0.0,0.0
1616,OR4,12.0,18.0,30.0
1617,ORB,0.0,0.0,0.0
1618,ORD,194019087.0,194589089.0,388608176.0
1619,ORF,8739313.0,8786756.0,17526069.0
1620,ORH,339993.0,334696.0,674689.0
1621,ORI,8078.0,8231.0,16309.0
1622,ORK,20918.0,22889.0,43807.0
1623,ORL,497.0,548.0,1045.0
1624,ORT,52.0,55.0,107.0
1625,ORV,34280.0,34101.0,68381.0
1626,ORY,825079.0,802154.0,1627233.0
1627,OSC,898.0,120.0,1018.0
1628,OSD,5.0,0.0,5.0
1629,OSH,218.0,218.0,436.0
1630,OSL,1257075.0,1245886.0,2502961.0
1631,OSN,282.0,247.0,529.0
1632,OSR,5.0,0.0,5.0
1633,OST,2175.0,2414.0,4589.0
1634,OSU,65.0,58.0,123.0
1635,OTH,69478.0,71031.0,140509.0
1636,OTP,9943.0,10452.0,20395.0
1637,OTS,6.0,4.0,10.0
1638,OTZ,398595.0,398648.0,797243.0
1639,OUA,0.0,0.0,0.0
1640,OVB,0.0,0.0,0.0
1641,OVD,4.0,7.0,11.0
1642,OVE,3.0,4.0,7.0
1643,OWB,102923.0,101427.0,204350.0
1644,OWD,494.0,433.0,927.0
1645,OXC,416.0,432.0,848.0
1646,OXF,4.0,41.0,45.0
1647,OXR,52.0,60.0,112.0
1648,OZP,850.0,631.0,1481.0
1649,P1A,20.0,17.0,37.0
1650,P2A,69.0,54.0,123.0
1651,PA2,0.0,2.0,2.0
1652,PA4,8.0,12.0,20.0
1653,PA5,159.0,123.0,282.0
1654,PA6,23.0,24.0,47.0
1655,PA7,2.0,2.0,4.0
1656,PA9,3.0,3.0,6.0
1657,PAD,5.0,10.0,15.0
1658,PAE,393474.0,384199.0,777673.0
1659,PAH,108396.0,110649.0,219045.0
1660,PAM,159.0,87.0,246.0
1661,PAO,2.0,5.0,7.0
1662,PAP,2705048.0,2568725.0,5273773.0
1663,PAQ,499.0,441.0,940.0
1664,PBC,114584.0,115886.0,230470.0
1665,PBF,0.0,0.0,0.0
1666,PBG,646010.0,638025.0,1284035.0
1667,PBI,16147799.0,16096561.0,32244360.0
1668,PBK,1464.0,1537.0,3001.0
1669,PBM,3728.0,4459.0,8187.0
1670,PBX,453.0,478.0,931.0
1671,PCA,24.0,17.0,41.0
1672,PCT,196.0,39.0,235.0
1673,PDB,568.0,561.0,1129.0
1674,PDK,17498.0,17521.0,35019.0
1675,PDL,274921.0,276855.0,551776.0
1676,PDT,25858.0,25186.0,51044.0
1677,PDX,46608224.0,46609722.0,93217946.0
1678,PEC,6849.0,6757.0,13606.0
1679,PEG,4.0,2.0,6.0
1680,PEI,15950.0,16429.0,32379.0
1681,PEK,8304417.0,8259480.0,16563897.0
1682,PEN,0.0,0.0,0.0
1683,PGA,110236.0,134975.0,245211.0
1684,PGC,3.0,3.0,6.0
1685,PGD,3232100.0,3245160.0,6477260.0
1686,PGL,12.0,10.0,22.0
1687,PGM,16486.0,22317.0,38803.0
1688,PGO,48.0,40.0,88.0
1689,PGS,206.0,29.0,235.0
1690,PGV,261087.0,256391.0,517478.0
1691,PHF,1008095.0,1009193.0,2017288.0
1692,PHL,75550139.0,75947080.0,151497219.0
1693,PHN,16.0,8.0,24.0
1694,PHO,26883.0,27386.0,54269.0
1695,PHX,109444579.0,109563915.0,219008494.0
1696,PIA,1613918.0,1601802.0,3215720.0
1697,PIB,72270.0,72422.0,144692.0
1698,PIE,5031376.0,5068139.0,10099515.0
1699,PIH,192925.0,189354.0,382279.0
1700,PIK,180.0,512.0,692.0
1701,PIP,2218.0,2162.0,4380.0
1702,PIR,97352.0,99301.0,196653.0
1703,PIT,21851524.0,21885015.0,43736539.0
1704,PIZ,11799.0,11978.0,23777.0
1705,PKA,10524.0,9660.0,20184.0
1706,PKB,26892.0,26845.0,53737.0
1707,PKC,2190.0,2265.0,4455.0
1708,PKD,0.0,8.0,8.0
1709,PLN,142807.0,141772.0,284579.0
1710,PLS,1914353.0,1915597.0,3829950.0
1711,PMB,0.0,0.0,0.0
1712,PMC,6.0,0.0,6.0
1713,PMI,62.0,30.0,92.0
1714,PML,1212.0,1503.0,2715.0
1715,PMO,42580.0,38965.0,81545.0
1716,PMV,32.0,13.0,45.0
1717,PNA,16.0,5.0,21.0
1718,PNE,207.0,194.0,401.0
1719,PNH,180.0,915.0,1095.0
1720,PNI,2566.0,632.0,3198.0
1721,PNS,4538215.0,4532957.0,9071172.0
1722,PNX,23.0,12.0,35.0
1723,POA,57689.0,2026.0,59715.0
1724,POB,4482.0,4131.0,8613.0
1725,POF,4.0,1.0,5.0
1726,POM,0.0,0.0,0.0
1727,POP,734312.0,726281.0,1460593.0
1728,POS,2447139.0,2420535.0,4867674.0
1729,POU,16.0,26.0,42.0
1730,POZ,0.0,0.0,0.0
1731,PPC,3602.0,2975.0,6577.0
1732,PPD,2.0,0.0,2.0
1733,PPG,358960.0,341625.0,700585.0
1734,PPM,3.0,3.0,6.0
1735,PPT,1024413.0,980772.0,2005185.0
1736,PPV,432.0,435.0,867.0
1737,PQI,62085.0,61667.0,123752.0
1738,PQS,28425.0,28110.0,56535.0
1739,PRB,81.0,62.0,143.0
1740,PRC,50995.0,50780.0,101775.0
1741,PRG,261184.0,251856.0,513040.0
1742,PSA,18714.0,17546.0,36260.0
1743,PSC,1937890.0,1912138.0,3850028.0
1744,PSE,489657.0,493004.0,982661.0
1745,PSF,111.0,94.0,205.0
1746,PSG,254295.0,252762.0,507057.0
1747,PSK,0.0,52.0,52.0
1748,PSM,207135.0,204035.0,411170.0
1749,PSP,5505658.0,5477851.0,10983509.0
1750,PTA,698.0,690.0,1388.0
1751,PTD,422.0,441.0,863.0
1752,PTH,4106.0,4252.0,8358.0
1753,PTK,10945.0,18673.0,29618.0
1754,PTP,154687.0,153572.0,308259.0
1755,PTS,4.0,4.0,8.0
1756,PTU,4252.0,4243.0,8495.0
1757,PTV,5.0,5.0,10.0
1758,PTW,8.0,8.0,16.0
1759,PTY,8267079.0,8150188.0,16417267.0
1760,PUB,52615.0,53637.0,106252.0
1761,PUC,5.0,5.0,10.0
1762,PUF,2.0,0.0,2.0
1763,PUJ,7607990.0,7629727.0,15237717.0
1764,PUL,102.0,145.0,247.0
1765,PUO,0.0,0.0,0.0
1766,PUQ,20.0,0.0,20.0
1767,PUS,705900.0,703355.0,1409255.0
1768,PUW,318435.0,317982.0,636417.0
1769,PVC,50617.0,46362.0,96979.0
1770,PVD,9622043.0,9613799.0,19235842.0
1771,PVG,7625966.0,7453695.0,15079661.0
1772,PVR,5052106.0,5093544.0,10145650.0
1773,PVS,91.0,95.0,186.0
1774,PVU,429699.0,416956.0,846655.0
1775,PVW,0.0,0.0,0.0
1776,PVY,4.0,4.0,8.0
1777,PWA,22.0,27.0,49.0
1778,PWK,580.0,624.0,1204.0
1779,PWM,4825674.0,4812570.0,9638244.0
1780,PWT,0.0,5.0,5.0
1781,PYM,108.0,116.0,224.0
1782,QCX,9.0,10.0,19.0
1783,QMA,704.0,937.0,1641.0
1784,QMN,86.0,10.0,96.0
1785,QNY,0.0,6.0,6.0
1786,QPG,0.0,0.0,0.0
1787,QQB,35.0,34.0,69.0
1788,QQN,0.0,0.0,0.0
1789,QQT,14.0,2.0,16.0
1790,QQU,0.0,0.0,0.0
1791,QQY,0.0,0.0,0.0
1792,QRO,607935.0,631123.0,1239058.0
1793,QSO,1.0,4.0,5.0
1794,QSR,23.0,8.0,31.0
1795,RAC,16.0,4.0,20.0
1796,RAI,54606.0,48117.0,102723.0
1797,RAK,378.0,158.0,536.0
1798,RAP,1479126.0,1498644.0,2977770.0
1799,RAR,54376.0,52279.0,106655.0
1800,RBA,14.0,12.0,26.0
1801,RBD,29.0,20.0,49.0
1802,RBG,1.0,1.0,2.0
1803,RBH,32618.0,32706.0,65324.0
1804,RBN,66732.0,66831.0,133563.0
1805,RBW,88.0,84.0,172.0
1806,RBY,17610.0,17691.0,35301.0
1807,RCA,630.0,993.0,1623.0
1808,RCE,826.0,812.0,1638.0
1809,RDB,62017.0,62027.0,124044.0
1810,RDD,210618.0,201495.0,412113.0
1811,RDG,7514.0,7666.0,15180.0
1812,RDM,1869975.0,1856746.0,3726721.0
1813,RDU,29484551.0,29336864.0,58821415.0
1814,RDV,860.0,836.0,1696.0
1815,REC,228580.0,228285.0,456865.0
1816,REP,4.0,0.0,4.0
1817,RFD,578787.0,575621.0,1154408.0
1818,RHI,128043.0,129590.0,257633.0
1819,RIC,9654524.0,9572378.0,19226902.0
1820,RID,0.0,0.0,0.0
1821,RIL,447.0,485.0,932.0
1822,RIV,15721.0,13368.0,29089.0
1823,RIW,66525.0,68336.0,134861.0
1824,RIX,66935.0,54814.0,121749.0
1825,RJK,12.0,12.0,24.0
1826,RKD,34368.0,34770.0,69138.0
1827,RKE,7.0,6.0,13.0
1828,RKH,5.0,5.0,10.0
1829,RKS,99777.0,98814.0,198591.0
1830,RKV,18.0,6.0,24.0
1831,RLU,531.0,659.0,1190.0
1832,RME,189.0,185.0,374.0
1833,RMG,5.0,13.0,18.0
1834,RMI,6.0,10.0,16.0
1835,RMN,5.0,7.0,12.0
1836,RMP,3075.0,3115.0,6190.0
1837,RMS,5846.0,5499.0,11345.0
1838,RNC,10.0,14.0,24.0
1839,RNH,10.0,10.0,20.0
1840,RNO,9658167.0,9658899.0,19317066.0
1841,RNT,5232.0,5071.0,10303.0
1842,ROA,1607142.0,1600651.0,3207793.0
1843,ROB,142.0,146.0,288.0
1844,ROC,6146296.0,6138214.0,12284510.0
1845,ROG,141.0,138.0,279.0
1846,ROL,7.0,8.0,15.0
1847,ROP,78910.0,79182.0,158092.0
1848,ROR,123441.0,111470.0,234911.0
1849,ROW,252618.0,250001.0,502619.0
1850,RQI,28.0,29.0,57.0
1851,RQN,0.0,0.0,0.0
1852,RQR,15.0,15.0,30.0
1853,RQV,6.0,6.0,12.0
1854,RQZ,201.0,380.0,581.0
1855,RRT,0.0,0.0,0.0
1856,RSD,4.0,1.0,5.0
1857,RSH,16951.0,17015.0,33966.0
1858,RSJ,117.0,198.0,315.0
1859,RSN,90.0,90.0,180.0
1860,RSP,8.0,11.0,19.0
1861,RST,747138.0,738071.0,1485209.0
1862,RSW,22580609.0,22387538.0,44968147.0
1863,RTB,251688.0,250630.0,502318.0
1864,RTM,51.0,254.0,305.0
1865,RTN,4.0,4.0,8.0
1866,RUH,310193.0,328746.0,638939.0
1867,RUI,0.0,2.0,2.0
1868,RUT,26412.0,26311.0,52723.0
1869,RVS,5.0,3.0,8.0
1870,RWB,0.0,7.0,7.0
1871,RWI,580.0,594.0,1174.0
1872,RYE,8.0,35.0,43.0
1873,RZE,15411.0,14625.0,30036.0
1874,S24,1.0,0.0,1.0
1875,SAA,90.0,60.0,150.0
1876,SAC,166.0,152.0,318.0
1877,SAD,10.0,10.0,20.0
1878,SAF,508418.0,509885.0,1018303.0
1879,SAL,4732476.0,4671951.0,9404427.0
1880,SAN,57038361.0,56859704.0,113898065.0
1881,SAP,1500421.0,1514609.0,3015030.0
1882,SAQ,952.0,1396.0,2348.0
1883,SAT,23080894.0,23115691.0,46196585.0
1884,SAV,6089714.0,6111696.0,12201410.0
1885,SAW,18.0,18.0,36.0
1886,SBA,1916501.0,1882954.0,3799455.0
1887,SBD,112.0,470.0,582.0
1888,SBH,43052.0,40936.0,83988.0
1889,SBM,64.0,68.0,132.0
1890,SBN,1745506.0,1728099.0,3473605.0
1891,SBP,1007682.0,994356.0,2002038.0
1892,SBY,313156.0,306599.0,619755.0
1893,SC1,384.0,136.0,520.0
1894,SC6,6.0,0.0,6.0
1895,SCC,444195.0,442380.0,886575.0
1896,SCE,758295.0,746497.0,1504792.0
1897,SCF,1069.0,1537.0,2606.0
1898,SCH,19.0,37.0,56.0
1899,SCK,469347.0,464017.0,933364.0
1900,SCL,2775694.0,2743197.0,5518891.0
1901,SCM,34264.0,34035.0,68299.0
1902,SCQ,588.0,74.0,662.0
1903,SCU,78176.0,79249.0,157425.0
1904,SDF,9006424.0,9008468.0,18014892.0
1905,SDJ,29183.0,37995.0,67178.0
1906,SDL,2.0,10.0,12.0
1907,SDM,147.0,137.0,284.0
1908,SDP,31200.0,31605.0,62805.0
1909,SDQ,5853549.0,5719718.0,11573267.0
1910,SDX,37.0,19.0,56.0
1911,SDY,45305.0,42612.0,87917.0
1912,SEA,113960665.0,114272139.0,228232804.0
1913,SEE,51.0,43.0,94.0
1914,SEF,8.0,5.0,13.0
1915,SEG,43.0,42.0,85.0
1916,SEM,50.0,113.0,163.0
1917,SEN,27.0,24.0,51.0
1918,SER,0.0,0.0,0.0
1919,SFB,7079355.0,7210189.0,14289544.0
1920,SFG,5.0,7.0,12.0
1921,SFH,538.0,591.0,1129.0
1922,SFJ,844.0,62.0,906.0
1923,SFM,52.0,34.0,86.0
1924,SFO,133266076.0,134024630.0,267290706.0
1925,SFZ,34.0,33.0,67.0
1926,SGD,27.0,23.0,50.0
1927,SGF,2505886.0,2500563.0,5006449.0
1928,SGH,2.0,12.0,14.0
1929,SGN,38.0,0.0,38.0
1930,SGR,226.0,268.0,494.0
1931,SGU,478056.0,475680.0,953736.0
1932,SGY,37955.0,39139.0,77094.0
1933,SHD,53929.0,51143.0,105072.0
1934,SHE,38194.0,41178.0,79372.0
1935,SHG,20296.0,20448.0,40744.0
1936,SHH,19497.0,19159.0,38656.0
1937,SHN,23.0,7.0,30.0
1938,SHR,37575.0,35043.0,72618.0
1939,SHV,1485231.0,1474249.0,2959480.0
1940,SHX,5327.0,5314.0,10641.0
1941,SID,514.0,1362.0,1876.0
1942,SIG,100437.0,95207.0,195644.0
1943,SIN,861908.0,848302.0,1710210.0
1944,SIR,3.0,22.0,25.0
1945,SIT,626717.0,625012.0,1251729.0
1946,SJC,31517091.0,31684293.0,63201384.0
1947,SJD,7145162.0,7162268.0,14307430.0
1948,SJO,5039201.0,5073361.0,10112562.0
1949,SJT,307485.0,298219.0,605704.0
1950,SJU,21449822.0,21091288.0,42541110.0
1951,SJW,3105.0,2921.0,6026.0
1952,SKA,97.0,0.0,97.0
1953,SKB,437216.0,440564.0,877780.0
1954,SKF,136.0,575.0,711.0
1955,SKG,5.0,272.0,277.0
1956,SKJ,122.0,158.0,280.0
1957,SKK,22178.0,22026.0,44204.0
1958,SKP,7.0,10.0,17.0
1959,SKW,318.0,329.0,647.0
1960,SKY,0.0,0.0,0.0
1961,SLC,58712013.0,58586738.0,117298751.0
1962,SLE,225.0,237.0,462.0
1963,SLK,24285.0,24588.0,48873.0
1964,SLM,6.0,6.0,12.0
1965,SLN,48837.0,48887.0,97724.0
1966,SLP,300053.0,320237.0,620290.0
1967,SLQ,1774.0,1822.0,3596.0
1968,SLR,4.0,4.0,8.0
1969,SLT,4.0,8.0,12.0
1970,SLU,274.0,146.0,420.0
1971,SLW,14.0,61.0,75.0
1972,SMA,14.0,144.0,158.0
1973,SMB,8.0,12.0,20.0
1974,SMF,27880521.0,27854547.0,55735068.0
1975,SMK,26251.0,26293.0,52544.0
1976,SMN,804.0,678.0,1482.0
1977,SMO,296.0,307.0,603.0
1978,SMR,2588.0,2638.0,5226.0
1979,SMV,5.0,0.0,5.0
1980,SMX,156024.0,151709.0,307733.0
1981,SNA,25811269.0,25929420.0,51740689.0
1982,SNN,1028832.0,965421.0,1994253.0
1983,SNP,15314.0,14961.0,30275.0
1984,SNR,21.0,12.0,33.0
1985,SNS,23.0,23.0,46.0
1986,SNU,453925.0,430167.0,884092.0
1987,SNY,0.0,0.0,0.0
1988,SOF,68.0,54.0,122.0
1989,SOM,0.0,0.0,0.0
1990,SOP,219.0,151.0,370.0
1991,SOU,10.0,4.0,14.0
1992,SOV,33449.0,34909.0,68358.0
1993,SOW,20272.0,18870.0,39142.0
1994,SPB,113295.0,112840.0,226135.0
1995,SPF,6.0,0.0,6.0
1996,SPG,8.0,5.0,13.0
1997,SPI,431287.0,431062.0,862349.0
1998,SPM,0.0,0.0,0.0
1999,SPN,2566115.0,2511026.0,5077141.0
2000,SPS,219828.0,188036.0,407864.0
2001,SPU,36.0,0.0,36.0
2002,SQA,5.0,7.0,12.0
2003,SQI,0.0,0.0,0.0
2004,SQL,5300.0,5451.0,10751.0
2005,SQV,11.0,10.0,21.0
2006,SRQ,3463629.0,3451447.0,6915076.0
2007,SRV,700.0,712.0,1412.0
2008,SSA,44039.0,45145.0,89184.0
2009,SSB,112896.0,113295.0,226191.0
2010,SSC,41.0,476.0,517.0
2011,SSF,0.0,0.0,0.0
2012,SSI,78.0,91.0,169.0
2013,SSW,11.0,3.0,14.0
2014,STC,101310.0,98997.0,200307.0
2015,STE,10.0,9.0,19.0
2016,STF,73.0,66.0,139.0
2017,STG,6273.0,6346.0,12619.0
2018,STI,3558291.0,3416034.0,6974325.0
2019,STJ,6.0,6.0,12.0
2020,STL,36771157.0,36881637.0,73652794.0
2021,STN,79111.0,84650.0,163761.0
2022,STP,140.0,142.0,282.0
2023,STQ,4.0,4.0,8.0
2024,STR,319071.0,317880.0,636951.0
2025,STS,964922.0,956442.0,1921364.0
2026,STT,3069957.0,3046302.0,6116259.0
2027,STX,1016069.0,1009019.0,2025088.0
2028,SUA,204.0,172.0,376.0
2029,SUM,0.0,0.0,0.0
2030,SUN,413863.0,409524.0,823387.0
2031,SUO,11.0,10.0,21.0
2032,SUS,260.0,232.0,492.0
2033,SUU,153.0,0.0,153.0
2034,SUX,196722.0,197802.0,394524.0
2035,SVA,27661.0,27551.0,55212.0
2036,SVC,27007.0,25707.0,52714.0
2037,SVD,19270.0,20264.0,39534.0
2038,SVG,7646.0,7326.0,14972.0
2039,SVH,9.0,4.0,13.0
2040,SVN,3218.0,3387.0,6605.0
2041,SVO,2085685.0,2061768.0,4147453.0
2042,SVQ,4.0,103.0,107.0
2043,SVS,4000.0,3939.0,7939.0
2044,SVW,38.0,40.0,78.0
2045,SWD,36.0,63.0,99.0
2046,SWF,1153497.0,1137487.0,2290984.0
2047,SWO,96084.0,90398.0,186482.0
2048,SXB,7.0,5.0,12.0
2049,SXF,72.0,97.0,169.0
2050,SXM,1663926.0,1653410.0,3317336.0
2051,SXP,12168.0,12159.0,24327.0
2052,SXQ,91.0,59.0,150.0
2053,SXU,7.0,0.0,7.0
2054,SYA,468.0,468.0,936.0
2055,SYB,513.0,520.0,1033.0
2056,SYD,4934955.0,4863924.0,9798879.0
2057,SYI,5.0,5.0,10.0
2058,SYR,5429116.0,5421414.0,10850530.0
2059,SZB,298.0,19.0,317.0
2060,SZG,24.0,31.0,55.0
2061,SZL,29.0,327.0,356.0
2062,SZX,120074.0,118172.0,238246.0
2063,T1N,3.0,1.0,4.0
2064,T1X,16.0,16.0,32.0
2065,T2N,5.0,2.0,7.0
2066,T2X,5.0,5.0,10.0
2067,T3X,2.0,2.0,4.0
2068,T4X,5.0,2.0,7.0
2069,T5X,0.0,0.0,0.0
2070,T6X,3.0,3.0,6.0
2071,T8X,6.0,7.0,13.0
2072,T9X,0.0,0.0,0.0
2073,TAB,27455.0,26298.0,53753.0
2074,TAE,556.0,573.0,1129.0
2075,TAL,27734.0,27464.0,55198.0
2076,TAM,68051.0,69390.0,137441.0
2077,TAO,135728.0,125394.0,261122.0
2078,TAR,3.0,0.0,3.0
2079,TAS,34139.0,32007.0,66146.0
2080,TBN,38256.0,31508.0,69764.0
2081,TBS,0.0,0.0,0.0
2082,TBU,657.0,743.0,1400.0
2083,TCB,37298.0,35750.0,73048.0
2084,TCC,2.0,2.0,4.0
2085,TCL,10646.0,8123.0,18769.0
2086,TCM,1560.0,1335.0,2895.0
2087,TCT,887.0,894.0,1781.0
2088,TDF,2.0,4.0,6.0
2089,TDZ,0.0,0.0,0.0
2090,TEB,31533.0,31578.0,63111.0
2091,TEK,430.0,1495.0,1925.0
2092,TER,63993.0,62661.0,126654.0
2093,TEX,9685.0,10584.0,20269.0
2094,TFN,5.0,2.0,7.0
2095,TFS,51.0,24.0,75.0
2096,TGU,610573.0,611637.0,1222210.0
2097,THA,2.0,4.0,6.0
2098,THV,27.0,12.0,39.0
2099,TIJ,20688.0,17098.0,37786.0
2100,TIK,297.0,466.0,763.0
2101,TIQ,200141.0,199036.0,399177.0
2102,TIV,19.0,21.0,40.0
2103,TIW,52.0,50.0,102.0
2104,TIX,12.0,12.0,24.0
2105,TKA,16.0,23.0,39.0
2106,TKE,6911.0,6434.0,13345.0
2107,TKF,1446.0,1371.0,2817.0
2108,TKI,17.0,23.0,40.0
2109,TKJ,1648.0,1002.0,2650.0
2110,TKK,136487.0,137672.0,274159.0
2111,TKS,288.0,286.0,574.0
2112,TLA,14688.0,14292.0,28980.0
2113,TLC,36850.0,39772.0,76622.0
2114,TLF,41.0,46.0,87.0
2115,TLH,1849455.0,1845721.0,3695176.0
2116,TLJ,142.0,163.0,305.0
2117,TLL,2.0,87.0,89.0
2118,TLN,49.0,43.0,92.0
2119,TLS,537.0,26.0,563.0
2120,TLT,16608.0,15900.0,32508.0
2121,TLV,3813907.0,3816463.0,7630370.0
2122,TMB,198.0,249.0,447.0
2123,TN1,0.0,0.0,0.0
2124,TN2,36.0,32.0,68.0
2125,TN4,0.0,0.0,0.0
2126,TN5,3.0,4.0,7.0
2127,TN6,6.0,6.0,12.0
2128,TN7,3.0,3.0,6.0
2129,TN8,1181.0,1238.0,2419.0
2130,TN9,3.0,3.0,6.0
2131,TNA,69571.0,69670.0,139241.0
2132,TNC,1041.0,1045.0,2086.0
2133,TNG,0.0,10.0,10.0
2134,TNK,20260.0,20122.0,40382.0
2135,TNT,0.0,0.0,0.0
2136,TOA,8.0,0.0,8.0
2137,TOG,6171.0,6207.0,12378.0
2138,TOJ,0.0,0.0,0.0
2139,TOL,538880.0,536227.0,1075107.0
2140,TOP,2.0,2.0,4.0
2141,TOR,0.0,0.0,0.0
2142,TPA,49831137.0,49714744.0,99545881.0
2143,TPE,7114391.0,7152305.0,14266696.0
2144,TPL,3.0,0.0,3.0
2145,TRC,95410.0,97256.0,192666.0
2146,TRI,1047341.0,1038612.0,2085953.0
2147,TRL,6.0,6.0,12.0
2148,TRM,517.0,517.0,1034.0
2149,TRN,22.0,274.0,296.0
2150,TRS,1.0,0.0,1.0
2151,TRU,7.0,144.0,151.0
2152,TSA,7.0,27.0,34.0
2153,TSE,3.0,9.0,12.0
2154,TSF,10.0,0.0,10.0
2155,TSG,291.0,103.0,394.0
2156,TSM,223.0,405.0,628.0
2157,TSN,370.0,586.0,956.0
2158,TSP,0.0,0.0,0.0
2159,TSS,202.0,71.0,273.0
2160,TSV,0.0,3.0,3.0
2161,TTD,39.0,38.0,77.0
2162,TTN,1899391.0,1880952.0,3780343.0
2163,TUC,0.0,701.0,701.0
2164,TUF,3.0,3.0,6.0
2165,TUL,7245426.0,7248680.0,14494106.0
2166,TUP,50300.0,48450.0,98750.0
2167,TUS,8498455.0,8448925.0,16947380.0
2168,TVC,1201852.0,1183700.0,2385552.0
2169,TVF,20323.0,19871.0,40194.0
2170,TVI,6.0,9.0,15.0
2171,TVL,97.0,86.0,183.0
2172,TWA,1638.0,1636.0,3274.0
2173,TWF,223224.0,227188.0,450412.0
2174,TX1,0.0,4.0,4.0
2175,TX4,3.0,3.0,6.0
2176,TX8,4.0,5.0,9.0
2177,TXK,179527.0,172194.0,351721.0
2178,TXL,933470.0,932492.0,1865962.0
2179,TYE,9187.0,9975.0,19162.0
2180,TYM,228.0,111.0,339.0
2181,TYO,0.0,0.0,0.0
2182,TYR,283363.0,273574.0,556937.0
2183,TYS,5058872.0,5029759.0,10088631.0
2184,TZN,1251.0,1240.0,2491.0
2185,UAB,0.0,0.0,0.0
2186,UAK,5.0,3.0,8.0
2187,UAM,817.0,1307.0,2124.0
2188,UBF,401.0,612.0,1013.0
2189,UCY,4.0,0.0,4.0
2190,UDD,33.0,42.0,75.0
2191,UDG,4.0,4.0,8.0
2192,UDJ,3.0,0.0,3.0
2193,UES,19.0,16.0,35.0
2194,UGB,95.0,99.0,194.0
2195,UGI,465.0,443.0,908.0
2196,UGN,252.0,306.0,558.0
2197,UGS,655.0,698.0,1353.0
2198,UIN,49040.0,48539.0,97579.0
2199,UIO,1521561.0,1532680.0,3054241.0
2200,UKI,0.0,5.0,5.0
2201,UMT,292.0,386.0,678.0
2202,UNI,7.0,5.0,12.0
2203,UNK,88416.0,88718.0,177134.0
2204,UOX,257.0,254.0,511.0
2205,UPN,32075.0,31736.0,63811.0
2206,USA,455521.0,439278.0,894799.0
2207,USH,6.0,0.0,6.0
2208,UST,64057.0,63262.0,127319.0
2209,UT1,26.0,40.0,66.0
2210,UTM,12021.0,12839.0,24860.0
2211,UTO,349.0,359.0,708.0
2212,UTP,38.0,84.0,122.0
2213,UUD,0.0,0.0,0.0
2214,UUK,0.0,0.0,0.0
2215,UUS,7.0,0.0,7.0
2216,UVA,0.0,0.0,0.0
2217,UVF,937016.0,937934.0,1874950.0
2218,UXI,6.0,7.0,13.0
2219,UXK,0.0,0.0,0.0
2220,UXO,7.0,5.0,12.0
2221,UXP,0.0,0.0,0.0
2222,UXR,5134.0,5343.0,10477.0
2223,VA2,12.0,6.0,18.0
2224,VA4,15.0,11.0,26.0
2225,VA5,10.0,9.0,19.0
2226,VA6,1.0,1.0,2.0
2227,VA7,1.0,1.0,2.0
2228,VA8,18.0,24.0,42.0
2229,VA9,7.0,7.0,14.0
2230,VAD,276.0,125.0,401.0
2231,VAK,42756.0,42783.0,85539.0
2232,VBG,81.0,75.0,156.0
2233,VCE,744298.0,728523.0,1472821.0
2234,VCP,1041910.0,1038775.0,2080685.0
2235,VCT,17716.0,15403.0,33119.0
2236,VCV,5473.0,8952.0,14425.0
2237,VDZ,57853.0,58052.0,115905.0
2238,VEE,18735.0,18755.0,37490.0
2239,VEL,33840.0,32730.0,66570.0
2240,VER,92603.0,92418.0,185021.0
2241,VGC,41.0,49.0,90.0
2242,VGT,15440.0,15356.0,30796.0
2243,VHN,7.0,4.0,11.0
2244,VIE,1406421.0,1449289.0,2855710.0
2245,VIJ,11627.0,9535.0,21162.0
2246,VIK,186.0,155.0,341.0
2247,VIS,5706.0,5362.0,11068.0
2248,VIT,13.0,2.0,15.0
2249,VJI,50.0,38.0,88.0
2250,VKO,4752.0,90440.0,95192.0
2251,VLC,42.0,91.0,133.0
2252,VLD,212358.0,207479.0,419837.0
2253,VLI,19.0,63.0,82.0
2254,VLL,0.0,2.0,2.0
2255,VLN,0.0,0.0,0.0
2256,VNC,5.0,9.0,14.0
2257,VNO,1.0,2.0,3.0
2258,VNY,4397.0,4454.0,8851.0
2259,VOK,960.0,612.0,1572.0
2260,VPC,5.0,5.0,10.0
2261,VPS,2876701.0,2884156.0,5760857.0
2262,VPZ,43.0,48.0,91.0
2263,VQQ,1.0,2.0,3.0
2264,VQS,251559.0,250675.0,502234.0
2265,VRA,147956.0,144373.0,292329.0
2266,VRB,31352.0,30555.0,61907.0
2267,VRN,48.0,7.0,55.0
2268,VSA,38446.0,39638.0,78084.0
2269,VSF,6.0,10.0,16.0
2270,VST,1.0,0.0,1.0
2271,VT1,56.0,103.0,159.0
2272,VUJ,4.0,5.0,9.0
2273,VUO,6.0,1.0,7.0
2274,VUP,6.0,0.0,6.0
2275,VVI,248160.0,65553.0,313713.0
2276,VVO,0.0,0.0,0.0
2277,VWD,13.0,20.0,33.0
2278,VWE,4.0,7.0,11.0
2279,VWG,0.0,0.0,0.0
2280,VWK,337.0,116.0,453.0
2281,VWN,0.0,0.0,0.0
2282,VWO,0.0,2.0,2.0
2283,VWS,3.0,3.0,6.0
2284,VWX,0.0,0.0,0.0
2285,VWZ,5.0,4.0,9.0
2286,VZA,0.0,2.0,2.0
2287,VZC,0.0,0.0,0.0
2288,VZE,6.0,23.0,29.0
2289,VZM,46.0,77.0,123.0
2290,VZR,30.0,67.0,97.0
2291,VZY,642.0,697.0,1339.0
2292,WA1,21.0,45.0,66.0
2293,WA3,12.0,12.0,24.0
2294,WA5,1.0,4.0,5.0
2295,WA6,1606.0,1491.0,3097.0
2296,WA7,1484.0,1620.0,3104.0
2297,WA9,4.0,5.0,9.0
2298,WAA,10376.0,10537.0,20913.0
2299,WAL,0.0,0.0,0.0
2300,WAR,30.0,30.0,60.0
2301,WAW,1177745.0,1135892.0,2313637.0
2302,WBB,27824.0,27388.0,55212.0
2303,WBQ,5194.0,5261.0,10455.0
2304,WCR,134.0,140.0,274.0
2305,WDB,0.0,2.0,2.0
2306,WDH,297.0,0.0,297.0
2307,WDR,5.0,4.0,9.0
2308,WFB,168543.0,164384.0,332927.0
2309,WGO,0.0,0.0,0.0
2310,WHD,468.0,462.0,930.0
2311,WI3,18.0,11.0,29.0
2312,WI4,1.0,6.0,7.0
2313,WI5,2.0,2.0,4.0
2314,WI6,0.0,0.0,0.0
2315,WJF,10.0,14.0,24.0
2316,WKK,17.0,48.0,65.0
2317,WKR,17.0,22.0,39.0
2318,WKV,112.0,93.0,205.0
2319,WLG,9.0,3.0,12.0
2320,WLK,30014.0,30182.0,60196.0
2321,WMI,1.0,0.0,1.0
2322,WMK,1046.0,1006.0,2052.0
2323,WMO,19528.0,19269.0,38797.0
2324,WNA,10427.0,9690.0,20117.0
2325,WQU,8.0,8.0,16.0
2326,WQX,10.0,2.0,12.0
2327,WQZ,16.0,24.0,40.0
2328,WRB,0.0,40.0,40.0
2329,WRG,227963.0,227496.0,455459.0
2330,WRI,0.0,482.0,482.0
2331,WRL,1161.0,1224.0,2385.0
2332,WSB,396.0,372.0,768.0
2333,WSG,7.0,13.0,20.0
2334,WSJ,8.0,10.0,18.0
2335,WSN,2276.0,2360.0,4636.0
2336,WST,82087.0,77739.0,159826.0
2337,WSX,61.0,79.0,140.0
2338,WTD,38.0,43.0,81.0
2339,WTK,32283.0,31690.0,63973.0
2340,WTL,30526.0,30217.0,60743.0
2341,WUH,185115.0,174215.0,359330.0
2342,WUQ,3.0,0.0,3.0
2343,WUX,432.0,637.0,1069.0
2344,WVI,9.0,5.0,14.0
2345,WVL,37.0,31.0,68.0
2346,WWA,93.0,92.0,185.0
2347,WWD,35.0,35.0,70.0
2348,WWP,500.0,608.0,1108.0
2349,WWT,21909.0,21878.0,43787.0
2350,WY1,0.0,5.0,5.0
2351,WYB,1.0,0.0,1.0
2352,WYS,41926.0,41758.0,83684.0
2353,XCR,0.0,0.0,0.0
2354,XIY,30701.0,31938.0,62639.0
2355,XMN,86000.0,89325.0,175325.0
2356,XMR,0.0,0.0,0.0
2357,XNA,3660501.0,3657817.0,7318318.0
2358,XPL,18.0,38.0,56.0
2359,XRY,5.0,0.0,5.0
2360,XSD,0.0,0.0,0.0
2361,XSM,1.0,4.0,5.0
2362,XSP,2.0,4.0,6.0
2363,XWA,20252.0,19190.0,39442.0
2364,XWH,0.0,0.0,0.0
2365,XWW,7.0,8.0,15.0
2366,XXN,0.0,0.0,0.0
2367,XXO,130.0,2.0,132.0
2368,XXP,0.0,0.0,0.0
2369,XXW,0.0,0.0,0.0
2370,XXX,0.0,0.0,0.0
2371,XXY,0.0,0.0,0.0
2372,YAK,139600.0,138748.0,278348.0
2373,YAM,20.0,82.0,102.0
2374,YAP,45204.0,44393.0,89597.0
2375,YAV,0.0,0.0,0.0
2376,YAZ,144.0,0.0,144.0
2377,YBG,3.0,2.0,5.0
2378,YBL,82.0,130.0,212.0
2379,YBQ,0.0,0.0,0.0
2380,YBS,8.0,20.0,28.0
2381,YBW,36.0,187.0,223.0
2382,YCD,448.0,564.0,1012.0
2383,YCF,1.0,0.0,1.0
2384,YCG,2.0,15.0,17.0
2385,YCK,32.0,7.0,39.0
2386,YCL,89.0,68.0,157.0
2387,YCM,17.0,7.0,24.0
2388,YDA,0.0,9.0,9.0
2389,YDF,98.0,2372.0,2470.0
2390,YDS,16.0,0.0,16.0
2391,YEG,2413092.0,2439962.0,4853054.0
2392,YEM,17.0,18.0,35.0
2393,YEV,0.0,0.0,0.0
2394,YFB,765.0,12.0,777.0
2395,YFC,14.0,97.0,111.0
2396,YGB,0.0,0.0,0.0
2397,YGE,1.0,0.0,1.0
2398,YGG,78.0,0.0,78.0
2399,YGK,9.0,10.0,19.0
2400,YGP,4.0,0.0,4.0
2401,YHD,15.0,0.0,15.0
2402,YHH,21.0,6.0,27.0
2403,YHM,23148.0,21608.0,44756.0
2404,YHS,3.0,0.0,3.0
2405,YHU,693.0,694.0,1387.0
2406,YHZ,812750.0,796989.0,1609739.0
2407,YIG,4.0,0.0,4.0
2408,YIP,16417.0,15783.0,32200.0
2409,YJT,853.0,756.0,1609.0
2410,YKA,9.0,50.0,59.0
2411,YKF,47512.0,46976.0,94488.0
2412,YKM,348879.0,336794.0,685673.0
2413,YKZ,16.0,15.0,31.0
2414,YLS,49.0,49.0,98.0
2415,YLW,252572.0,273473.0,526045.0
2416,YMF,3.0,0.0,3.0
2417,YML,5.0,0.0,5.0
2418,YMM,8.0,0.0,8.0
2419,YMP,3.0,0.0,3.0
2420,YMU,1.0,0.0,1.0
2421,YMW,8.0,0.0,8.0
2422,YMX,585.0,629.0,1214.0
2423,YNG,160579.0,159058.0,319637.0
2424,YNK,46.0,0.0,46.0
2425,YNY,191.0,221.0,412.0
2426,YOC,0.0,0.0,0.0
2427,YOW,1734018.0,1727969.0,3461987.0
2428,YPD,62.0,42.0,104.0
2429,YPQ,1344.0,1325.0,2669.0
2430,YPR,22.0,25.0,47.0
2431,YPS,42.0,41.0,83.0
2432,YPT,44.0,0.0,44.0
2433,YQA,145.0,132.0,277.0
2434,YQB,480492.0,486959.0,967451.0
2435,YQF,6.0,0.0,6.0
2436,YQG,3270.0,3859.0,7129.0
2437,YQI,5.0,0.0,5.0
2438,YQJ,15.0,0.0,15.0
2439,YQL,16.0,157.0,173.0
2440,YQM,27577.0,27022.0,54599.0
2441,YQQ,2.0,0.0,2.0
2442,YQR,164069.0,168998.0,333067.0
2443,YQT,99.0,251.0,350.0
2444,YQU,23.0,0.0,23.0
2445,YQX,13935.0,11143.0,25078.0
2446,YQY,297.0,125.0,422.0
2447,YR1,16.0,0.0,16.0
2448,YRI,2.0,0.0,2.0
2449,YRJ,6.0,13.0,19.0
2450,YRQ,46.0,52.0,98.0
2451,YSB,9.0,9.0,18.0
2452,YSJ,1203.0,1289.0,2492.0
2453,YSN,15.0,5.0,20.0
2454,YSU,2.0,0.0,2.0
2455,YTG,1.0,0.0,1.0
2456,YTM,26.0,34.0,60.0
2457,YTP,32.0,0.0,32.0
2458,YTS,0.0,0.0,0.0
2459,YTZ,2198203.0,2219623.0,4417826.0
2460,YUL,10119574.0,10218144.0,20337718.0
2461,YUM,399968.0,391823.0,791791.0
2462,YUX,0.0,0.0,0.0
2463,YUY,8.0,0.0,8.0
2464,YVB,9.0,0.0,9.0
2465,YVR,14689786.0,14661401.0,29351187.0
2466,YWG,1120626.0,1114677.0,2235303.0
2467,YWH,49214.0,53816.0,103030.0
2468,YWS,26.0,0.0,26.0
2469,YXC,2.0,0.0,2.0
2470,YXE,319246.0,333511.0,652757.0
2471,YXS,0.0,4.0,4.0
2472,YXT,17.0,0.0,17.0
2473,YXU,44832.0,49999.0,94831.0
2474,YXX,5016.0,5321.0,10337.0
2475,YXY,502.0,560.0,1062.0
2476,YYB,25.0,144.0,169.0
2477,YYC,8008620.0,7956352.0,15964972.0
2478,YYD,4.0,0.0,4.0
2479,YYF,4.0,8.0,12.0
2480,YYG,4104.0,3814.0,7918.0
2481,YYJ,659203.0,689934.0,1349137.0
2482,YYQ,10.0,0.0,10.0
2483,YYR,12886.0,4457.0,17343.0
2484,YYT,75506.0,78448.0,153954.0
2485,YYZ,31427405.0,31478816.0,62906221.0
2486,YZF,824.0,384.0,1208.0
2487,YZT,30.0,19.0,49.0
2488,YZV,12.0,5.0,17.0
2489,ZAG,5.0,0.0,5.0
2490,ZAZ,0.0,370.0,370.0
2491,ZBF,1.0,4.0,5.0
2492,ZBM,16.0,8.0,24.0
2493,ZCL,287456.0,279705.0,567161.0
2494,ZEL,2.0,0.0,2.0
2495,ZIH,323521.0,329008.0,652529.0
2496,ZLO,107907.0,111139.0,219046.0
2497,ZMH,5.0,0.0,5.0
2498,ZMT,9.0,9.0,18.0
2499,ZNA,153.0,1086.0,1239.0
2500,ZNC,210.0,174.0,384.0
2501,ZRH,5030876.0,5054116.0,10084992.0
2502,ZSA,19699.0,19922.0,39621.0
2503,ZSW,70.0,73.0,143.0
2504,ZXA,324.0,410.0,734.0
2505,ZXB,1.0,9.0,10.0
2506,ZXC,0.0,0.0,0.0
2507,ZXD,22.0,24.0,46.0
2508,ZXF,19.0,40.0,59.0
2509,ZXH,89.0,109.0,198.0
2510,ZXK,1.0,0.0,1.0
2511,ZXM,4466.0,4535.0,9001.0
2512,ZXN,1699.0,1543.0,3242.0
2513,ZXU,180.0,182.0,362.0
2514,ZZV,6.0,6.0,12.0
2515,AAL,0.0,0.0,0.0
2516,AAO,0.0,2.0,2.0
2517,AAR,0.0,10.0,10.0
2518,ABJ,0.0,212.0,212.0
2519,ABZ,0.0,8.0,8.0
2520,ADL,0.0,10.0,10.0
2521,AIO,0.0,0.0,0.0
2522,AKH,0.0,0.0,0.0
2523,AMD,0.0,48258.0,48258.0
2524,ANE,0.0,8.0,8.0
2525,ATQ,0.0,225.0,225.0
2526,AVB,0.0,0.0,0.0
2527,AVV,0.0,0.0,0.0
2528,BDS,0.0,6.0,6.0
2529,BER,0.0,6.0,6.0
2530,BKE,0.0,0.0,0.0
2531,BKF,0.0,0.0,0.0
2532,BKI,0.0,3.0,3.0
2533,BLE,0.0,1.0,1.0
2534,BOB,0.0,26.0,26.0
2535,BOX,0.0,100.0,100.0
2536,BUS,0.0,3.0,3.0
2537,BVB,0.0,403.0,403.0
2538,BXO,0.0,3.0,3.0
2539,BYJ,0.0,63.0,63.0
2540,C1A,0.0,0.0,0.0
2541,CAR,0.0,0.0,0.0
2542,CAT,0.0,12.0,12.0
2543,CBB,0.0,157.0,157.0
2544,CBG,0.0,13.0,13.0
2545,CBR,0.0,0.0,0.0
2546,CCP,0.0,423.0,423.0
2547,CEK,0.0,1.0,1.0
2548,CEN,0.0,67.0,67.0
2549,CFB,0.0,0.0,0.0
2550,CGK,0.0,0.0,0.0
2551,CIX,0.0,753.0,753.0
2552,CLG,0.0,0.0,0.0
2553,CO3,0.0,0.0,0.0
2554,CRL,0.0,7.0,7.0
2555,CUZ,0.0,6.0,6.0
2556,DAV,0.0,0.0,0.0
2557,DE4,0.0,0.0,0.0
2558,DLA,0.0,0.0,0.0
2559,DLM,0.0,6.0,6.0
2560,DNE,0.0,113.0,113.0
2561,DNR,0.0,0.0,0.0
2562,DVO,0.0,0.0,0.0
2563,EAS,0.0,16.0,16.0
2564,EBB,0.0,0.0,0.0
2565,EBL,0.0,10.0,10.0
2566,ECI,0.0,9.0,9.0
2567,EE1,0.0,0.0,0.0
2568,EML,0.0,0.0,0.0
2569,ETZ,0.0,7.0,7.0
2570,FAK,0.0,0.0,0.0
2571,FFL,0.0,4.0,4.0
2572,FIH,0.0,3.0,3.0
2573,FL9,0.0,0.0,0.0
2574,FQI,0.0,6.0,6.0
2575,GB1,0.0,0.0,0.0
2576,GDT,0.0,0.0,0.0
2577,GLD,0.0,0.0,0.0
2578,GLO,0.0,3.0,3.0
2579,GNB,0.0,4.0,4.0
2580,GNT,0.0,0.0,0.0
2581,GWT,0.0,7.0,7.0
2582,HET,0.0,205.0,205.0
2583,HUL,0.0,0.0,0.0
2584,IOA,0.0,2.0,2.0
2585,JIB,0.0,0.0,0.0
2586,JKH,0.0,11.0,11.0
2587,JUJ,0.0,4.0,4.0
2588,JUL,0.0,2.0,2.0
2589,KCH,0.0,0.0,0.0
2590,KEP,0.0,56.0,56.0
2591,KGL,0.0,6.0,6.0
2592,KHH,0.0,220.0,220.0
2593,KLV,0.0,4.0,4.0
2594,KNA,0.0,10.0,10.0
2595,KOS,0.0,0.0,0.0
2596,KR1,0.0,91.0,91.0
2597,KTT,0.0,5.0,5.0
2598,KTW,0.0,1472.0,1472.0
2599,KUN,0.0,0.0,0.0
2600,KVG,0.0,2.0,2.0
2601,KWE,0.0,5.0,5.0
2602,LBC,0.0,1.0,1.0
2603,LHE,0.0,54482.0,54482.0
2604,LIL,0.0,1.0,1.0
2605,LKL,0.0,0.0,0.0
2606,LKZ,0.0,0.0,0.0
2607,LMM,0.0,133.0,133.0
2608,LPB,0.0,177685.0,177685.0
2609,LTS,0.0,0.0,0.0
2610,LUG,0.0,10.0,10.0
2611,LUN,0.0,0.0,0.0
2612,MAE,0.0,1.0,1.0
2613,MDZ,0.0,1680.0,1680.0
2614,MED,0.0,7682.0,7682.0
2615,MES,0.0,373.0,373.0
2616,MGY,0.0,2.0,2.0
2617,MIO,0.0,0.0,0.0
2618,MLD,0.0,0.0,0.0
2619,MME,0.0,2.0,2.0
2620,MQP,0.0,48.0,48.0
2621,MQS,0.0,8.0,8.0
2622,MRU,0.0,0.0,0.0
2623,MS4,0.0,7.0,7.0
2624,MUL,0.0,0.0,0.0
2625,MYT,0.0,53.0,53.0
2626,NAT,0.0,122.0,122.0
2627,NH2,0.0,1.0,1.0
2628,NI1,0.0,0.0,0.0
2629,NKC,0.0,0.0,0.0
2630,NLD,0.0,140.0,140.0
2631,NNG,0.0,0.0,0.0
2632,NRK,0.0,5.0,5.0
2633,NSI,0.0,6.0,6.0
2634,O3H,0.0,4.0,4.0
2635,OAI,0.0,0.0,0.0
2636,OQU,0.0,6.0,6.0
2637,ORG,0.0,7.0,7.0
2638,PCL,0.0,3.0,3.0
2639,PEE,0.0,0.0,0.0
2640,PER,0.0,0.0,0.0
2641,PGF,0.0,6.0,6.0
2642,PHC,0.0,0.0,0.0
2643,PIC,0.0,6.0,6.0
2644,PIO,0.0,0.0,0.0
2645,PLQ,0.0,1.0,1.0
2646,PMF,0.0,7.0,7.0
2647,PMW,0.0,197.0,197.0
2648,POY,0.0,6.0,6.0
2649,PRN,0.0,7.0,7.0
2650,PSR,0.0,0.0,0.0
2651,PT1,0.0,8.0,8.0
2652,RAB,0.0,5.0,5.0
2653,RBR,0.0,1.0,1.0
2654,REX,0.0,191.0,191.0
2655,RGN,0.0,84.0,84.0
2656,RHO,0.0,4.0,4.0
2657,RKR,0.0,50.0,50.0
2658,RLD,0.0,0.0,0.0
2659,RLG,0.0,6.0,6.0
2660,RND,0.0,203.0,203.0
2661,ROS,0.0,424.0,424.0
2662,ROV,0.0,2.0,2.0
2663,RQY,0.0,0.0,0.0
2664,RTS,0.0,2.0,2.0
2665,SFF,0.0,7.0,7.0
2666,SGJ,0.0,1.0,1.0
2667,SHA,0.0,270.0,270.0
2668,SHJ,0.0,0.0,0.0
2669,SJF,0.0,4.0,4.0
2670,SJK,0.0,0.0,0.0
2671,SPA,0.0,3.0,3.0
2672,SPZ,0.0,0.0,0.0
2673,SRC,0.0,4.0,4.0
2674,SSG,0.0,0.0,0.0
2675,SSM,0.0,3.0,3.0
2676,STM,0.0,242.0,242.0
2677,SUB,0.0,0.0,0.0
2678,SUE,0.0,2.0,2.0
2679,TAD,0.0,3.0,3.0
2680,TAK,0.0,217.0,217.0
2681,TIA,0.0,1.0,1.0
2682,TIF,0.0,0.0,0.0
2683,TMP,0.0,5.0,5.0
2684,TPS,0.0,0.0,0.0
2685,TRD,0.0,0.0,0.0
2686,TRK,0.0,5.0,5.0
2687,TUN,0.0,3.0,3.0
2688,TUU,0.0,0.0,0.0
2689,TX7,0.0,0.0,0.0
2690,TYL,0.0,2.0,2.0
2691,UKB,0.0,2.0,2.0
2692,ULM,0.0,1.0,1.0
2693,ULN,0.0,0.0,0.0
2694,UXY,0.0,0.0,0.0
2695,VAV,0.0,5.0,5.0
2696,VIX,0.0,0.0,0.0
2697,VT2,0.0,3.0,3.0
2698,WRO,0.0,2.0,2.0
2699,WTN,0.0,0.0,0.0
2700,XWF,0.0,0.0,0.0
2701,XWM,0.0,0.0,0.0
2702,XXU,0.0,0.0,0.0
2703,YND,0.0,3.0,3.0
2704,YOD,0.0,0.0,0.0
2705,YQH,0.0,0.0,0.0
2706,YTR,0.0,0.0,0.0
2707,ZXT,0.0,0.0,0.0
